Provider,Q01,Q02,Q03,Q04,Q05,Q06,Q07,Q08,Q09,Q10,Q11,Q12,Q13,Q14,Q15,Q16,Q17,Q18,Q19,Q20,Q21,Q22,Q23,Q24,Q25,Q26,Q27,Scale01,Scale02,Scale03,Scale04,Scale05,Scale06,Scale07,Scale08,isRusselGroup
The University of Liverpool,0.87,0.8,0.85,0.76,0.82,0.83,0.77,0.69,0.69,0.63,0.66,0.83,0.73,0.67,0.7,0.78,0.72,0.74,0.76,0.78,0.6,0.76,0.83,0.7,0.55,0.55,0.79,0.82,0.81,0.67,0.74,0.73,0.76,0.68,0.69,1
University of Newcastle upon Tyne,0.83,0.73,0.81,0.71,0.76,0.78,0.71,0.6,0.63,0.48,0.57,0.81,0.64,0.61,0.56,0.68,0.6,0.67,0.71,0.69,0.5,0.71,0.77,0.61,0.46,0.44,0.69,0.77,0.75,0.57,0.69,0.61,0.69,0.6,0.61,1
"University of Nottingham, The",0.87,0.79,0.86,0.75,0.82,0.81,0.75,0.64,0.65,0.57,0.6,0.83,0.69,0.64,0.64,0.74,0.67,0.72,0.76,0.77,0.56,0.74,0.79,0.65,0.45,0.46,0.76,0.82,0.79,0.61,0.72,0.68,0.75,0.64,0.63,1
Cardiff University,0.83,0.76,0.83,0.72,0.77,0.79,0.73,0.63,0.63,0.57,0.56,0.81,0.66,0.62,0.56,0.72,0.64,0.69,0.75,0.74,0.54,0.73,0.79,0.6,0.42,0.55,0.72,0.78,0.76,0.6,0.7,0.64,0.72,0.63,0.6,1
"Imperial College of Science, Technology and Medicine",0.89,0.82,0.92,0.82,0.84,0.84,0.81,0.65,0.7,0.57,0.62,0.88,0.75,0.7,0.73,0.77,0.79,0.86,0.86,0.91,0.67,0.89,0.87,0.74,0.63,0.58,0.84,0.86,0.83,0.64,0.77,0.76,0.88,0.78,0.75,1
King's College London,0.83,0.78,0.86,0.73,0.78,0.81,0.71,0.61,0.61,0.62,0.61,0.8,0.64,0.6,0.54,0.7,0.61,0.72,0.74,0.75,0.53,0.71,0.78,0.62,0.42,0.48,0.73,0.8,0.77,0.61,0.68,0.62,0.74,0.62,0.61,1
Queen Mary University of London,0.84,0.76,0.85,0.75,0.78,0.82,0.7,0.66,0.65,0.54,0.6,0.82,0.68,0.62,0.68,0.77,0.73,0.72,0.67,0.7,0.56,0.73,0.81,0.67,0.5,0.62,0.75,0.8,0.77,0.61,0.71,0.73,0.7,0.64,0.66,1
Queen's University of Belfast,0.87,0.78,0.86,0.77,0.78,0.8,0.78,0.68,0.67,0.56,0.62,0.84,0.71,0.66,0.7,0.81,0.76,0.77,0.8,0.79,0.55,0.79,0.8,0.66,0.51,0.57,0.79,0.82,0.79,0.63,0.74,0.76,0.79,0.67,0.66,1
The London School of Economics and Political Science,0.86,0.78,0.88,0.77,0.81,0.81,0.66,0.63,0.68,0.74,0.7,0.87,0.69,0.67,0.75,0.79,0.76,0.76,0.8,0.81,0.46,0.6,0.81,0.64,0.47,0.59,0.77,0.82,0.76,0.69,0.74,0.77,0.79,0.53,0.64,1
The University of Birmingham,0.82,0.75,0.84,0.71,0.78,0.8,0.71,0.56,0.57,0.51,0.55,0.78,0.63,0.59,0.55,0.65,0.59,0.71,0.75,0.76,0.54,0.74,0.73,0.59,0.4,0.44,0.72,0.78,0.76,0.55,0.67,0.6,0.74,0.64,0.57,1
The University of Leeds,0.86,0.81,0.86,0.74,0.81,0.81,0.74,0.65,0.67,0.55,0.63,0.84,0.7,0.62,0.65,0.81,0.7,0.7,0.74,0.7,0.56,0.73,0.84,0.67,0.47,0.57,0.76,0.82,0.79,0.62,0.72,0.72,0.71,0.64,0.66,1
The University of Manchester,0.83,0.73,0.83,0.72,0.77,0.78,0.69,0.6,0.61,0.53,0.59,0.82,0.64,0.59,0.6,0.74,0.66,0.67,0.74,0.73,0.51,0.7,0.79,0.62,0.41,0.42,0.71,0.78,0.75,0.58,0.68,0.66,0.71,0.61,0.61,1
The University of Sheffield,0.88,0.8,0.86,0.77,0.81,0.82,0.76,0.66,0.7,0.63,0.66,0.87,0.73,0.67,0.68,0.78,0.74,0.77,0.79,0.78,0.6,0.77,0.84,0.7,0.53,0.69,0.8,0.83,0.8,0.66,0.76,0.73,0.78,0.68,0.69,1
The University of Warwick,0.89,0.82,0.9,0.79,0.85,0.85,0.74,0.68,0.71,0.73,0.7,0.89,0.74,0.7,0.74,0.8,0.76,0.77,0.78,0.82,0.61,0.77,0.86,0.76,0.58,0.39,0.83,0.85,0.81,0.7,0.77,0.77,0.79,0.69,0.74,1
University College London,0.83,0.77,0.86,0.76,0.82,0.83,0.7,0.63,0.66,0.56,0.61,0.84,0.67,0.61,0.6,0.76,0.71,0.74,0.8,0.78,0.54,0.73,0.82,0.66,0.49,0.59,0.76,0.81,0.79,0.61,0.71,0.69,0.77,0.63,0.66,1
University of Bristol,0.87,0.81,0.88,0.74,0.81,0.82,0.72,0.62,0.65,0.51,0.6,0.85,0.67,0.63,0.63,0.77,0.67,0.69,0.71,0.72,0.54,0.72,0.82,0.67,0.47,0.41,0.75,0.82,0.78,0.59,0.72,0.69,0.71,0.63,0.66,1
University of Durham,0.88,0.82,0.89,0.77,0.86,0.83,0.75,0.65,0.71,0.65,0.66,0.88,0.7,0.65,0.72,0.79,0.76,0.72,0.73,0.74,0.6,0.71,0.77,0.69,0.48,0.29,0.81,0.84,0.81,0.67,0.74,0.76,0.73,0.65,0.65,1
University of Edinburgh,0.85,0.8,0.87,0.73,0.79,0.79,0.68,0.55,0.6,0.42,0.57,0.83,0.65,0.58,0.61,0.75,0.66,0.67,0.7,0.7,0.48,0.69,0.85,0.62,0.37,0.43,0.71,0.81,0.75,0.53,0.69,0.67,0.69,0.59,0.61,1
University of Exeter,0.87,0.81,0.85,0.72,0.81,0.8,0.71,0.63,0.65,0.53,0.61,0.84,0.68,0.62,0.7,0.8,0.73,0.7,0.74,0.74,0.53,0.74,0.86,0.68,0.46,0.56,0.76,0.81,0.78,0.61,0.71,0.74,0.72,0.63,0.67,1
University of Glasgow,0.89,0.84,0.89,0.79,0.83,0.85,0.76,0.69,0.7,0.53,0.66,0.87,0.72,0.62,0.69,0.83,0.74,0.75,0.77,0.77,0.6,0.8,0.87,0.71,0.5,0.55,0.84,0.86,0.81,0.64,0.74,0.75,0.76,0.7,0.69,1
University of Southampton,0.87,0.81,0.87,0.78,0.8,0.8,0.76,0.68,0.7,0.64,0.65,0.85,0.71,0.67,0.69,0.77,0.71,0.74,0.76,0.77,0.59,0.77,0.83,0.69,0.52,0.5,0.79,0.83,0.79,0.67,0.74,0.72,0.76,0.68,0.68,1
University of York,0.88,0.82,0.86,0.74,0.84,0.84,0.74,0.68,0.68,0.64,0.66,0.88,0.74,0.71,0.71,0.8,0.75,0.77,0.8,0.8,0.59,0.76,0.84,0.68,0.46,0.45,0.78,0.83,0.8,0.66,0.78,0.75,0.79,0.67,0.66,1
Abertay University,0.89,0.83,0.83,0.78,0.82,0.8,0.8,0.73,0.72,0.68,0.77,0.85,0.74,0.71,0.65,0.75,0.78,0.76,0.77,0.75,0.55,0.78,0.86,0.71,0.53,0.47,0.79,0.83,0.81,0.72,0.76,0.73,0.76,0.67,0.7,0
Aberystwyth University,0.9,0.85,0.85,0.77,0.83,0.85,0.81,0.79,0.78,0.79,0.81,0.89,0.79,0.75,0.75,0.8,0.81,0.8,0.79,0.79,0.66,0.81,0.88,0.79,0.69,0.64,0.83,0.84,0.83,0.79,0.81,0.79,0.79,0.73,0.79,0
Abingdon and Witney College,1,1,0.9,0.9,0.8,1,1,0.5,1,0.5,0.6,1,0.9,1,1,0.9,0.7,0.8,1,1,0.8,1,0.9,1,0.8,0.86,1,0.94,0.93,0.65,0.97,0.87,0.93,0.9,0.9,0
ACM Guildford Limited,0.71,0.67,0.57,0.56,0.61,0.65,0.59,0.6,0.58,0.52,0.65,0.57,0.55,0.5,0.31,0.55,0.4,0.5,0.54,0.43,0.43,0.61,0.47,0.57,0.27,0.29,0.43,0.63,0.61,0.59,0.54,0.42,0.49,0.52,0.43,0
Activate Learning,0.83,0.81,0.83,0.78,0.75,0.76,0.65,0.78,0.79,0.49,0.66,0.58,0.6,0.57,0.39,0.81,0.51,0.4,0.44,0.44,0.42,0.83,0.57,0.57,0.4,0.2,0.53,0.81,0.72,0.68,0.59,0.57,0.42,0.62,0.51,0
AECC University College,0.73,0.71,0.83,0.74,0.55,0.68,0.71,0.57,0.6,0.46,0.48,0.74,0.64,0.51,0.25,0.34,0.29,0.73,0.86,0.68,0.69,0.81,0.59,0.36,0.28,0.44,0.55,0.75,0.65,0.53,0.63,0.29,0.75,0.75,0.41,0
ALRA,0.74,0.91,0.79,0.81,0.91,0.83,0.91,0.45,0.64,0.74,0.83,0.89,0.74,0.83,0.38,0.87,0.28,0.31,0.47,0.57,0.89,0.94,0.77,0.68,0.64,0.65,0.77,0.81,0.89,0.66,0.82,0.51,0.45,0.91,0.7,0
Amity Global Education Ltd,1,1,1,1,0.9,0.9,1,0.8,0.9,0.9,0.8,0.9,0.9,0.9,1,1,1,1,0.5,0.8,0.8,0.9,0.9,1,0.9,0.9,1,1,0.93,0.85,0.9,1,0.77,0.85,0.93,0
Anglia Ruskin University Higher Education Corporation,0.83,0.79,0.81,0.78,0.8,0.83,0.78,0.74,0.7,0.73,0.72,0.76,0.73,0.71,0.63,0.78,0.7,0.72,0.78,0.74,0.63,0.79,0.8,0.71,0.57,0.58,0.74,0.8,0.8,0.72,0.73,0.7,0.75,0.71,0.69,0
Architectural Association (Incorporated),0.81,0.94,0.94,0.9,0.93,0.97,0.84,0.54,0.66,0.64,0.85,0.9,0.9,0.76,0.75,0.72,0.65,0.64,0.81,0.63,0.73,0.68,0.79,0.76,0.49,0.59,0.77,0.9,0.91,0.67,0.85,0.7,0.69,0.71,0.68,0
Arden University Limited,0.8,0.74,0.84,0.82,0.83,0.85,0.8,0.74,0.71,0.76,0.78,0.75,0.72,0.69,0.69,0.77,0.71,0.68,0.65,0.64,0.59,0.62,0.78,0.68,0.56,0.55,0.76,0.8,0.83,0.75,0.72,0.72,0.65,0.6,0.67,0
Arts Educational Schools(the),0.93,0.96,0.93,0.93,0.97,0.96,0.96,0.78,0.78,0.78,0.87,0.87,0.93,0.88,0.83,0.91,0.75,0.86,0.97,0.9,0.9,0.99,0.82,0.72,0.81,0.79,0.91,0.93,0.96,0.8,0.89,0.83,0.91,0.94,0.78,0
"Arts University Bournemouth, the",0.82,0.81,0.76,0.75,0.81,0.82,0.81,0.69,0.66,0.7,0.69,0.8,0.7,0.7,0.58,0.66,0.65,0.7,0.73,0.65,0.69,0.77,0.82,0.73,0.55,0.58,0.72,0.79,0.81,0.68,0.73,0.63,0.69,0.73,0.7,0
Askham Bryan College,0.8,0.76,0.74,0.73,0.72,0.71,0.68,0.74,0.74,0.76,0.8,0.81,0.78,0.75,0.5,0.63,0.63,0.64,0.61,0.6,0.48,0.72,0.8,0.69,0.48,0.57,0.67,0.76,0.71,0.76,0.78,0.59,0.62,0.6,0.66,0
Aston University,0.83,0.72,0.82,0.75,0.76,0.81,0.74,0.68,0.62,0.58,0.61,0.83,0.69,0.63,0.67,0.74,0.74,0.71,0.74,0.77,0.51,0.75,0.85,0.69,0.54,0.53,0.75,0.78,0.77,0.62,0.72,0.72,0.74,0.63,0.69,0
Bangor University,0.84,0.79,0.79,0.75,0.77,0.79,0.75,0.72,0.72,0.63,0.72,0.81,0.71,0.68,0.62,0.74,0.64,0.71,0.77,0.74,0.59,0.71,0.8,0.71,0.53,0.63,0.75,0.79,0.77,0.7,0.73,0.66,0.74,0.64,0.68,0
Barnet & Southgate College,0.85,0.84,0.85,0.89,0.85,0.91,0.91,0.85,0.75,0.67,0.84,0.89,0.82,0.75,0.78,0.8,0.78,0.78,0.75,0.78,0.76,0.8,0.85,0.83,0.69,0.66,0.82,0.86,0.89,0.78,0.82,0.79,0.77,0.78,0.78,0
Barnsley College,0.93,0.82,0.85,0.88,0.85,0.84,0.85,0.83,0.9,0.87,0.91,0.84,0.84,0.83,0.76,0.87,0.83,0.76,0.75,0.8,0.78,0.83,0.84,0.84,0.72,0.71,0.84,0.87,0.84,0.88,0.84,0.82,0.76,0.81,0.8,0
Bath College,0.89,0.68,0.74,0.68,0.84,0.74,0.79,0.84,0.89,0.79,0.89,0.89,0.84,0.79,0.63,0.89,0.79,0.67,0.67,0.61,0.74,0.84,0.74,0.79,0.58,0.56,0.68,0.75,0.79,0.86,0.84,0.77,0.67,0.79,0.7,0
Bath Spa University,0.85,0.81,0.76,0.72,0.79,0.77,0.74,0.7,0.7,0.72,0.76,0.81,0.71,0.67,0.6,0.75,0.7,0.62,0.68,0.66,0.6,0.76,0.79,0.69,0.52,0.61,0.72,0.79,0.77,0.72,0.73,0.68,0.65,0.68,0.67,0
Bedford College,0.87,0.78,0.71,0.69,0.76,0.76,0.68,0.58,0.58,0.51,0.6,0.89,0.76,0.76,0.64,0.78,0.73,0.66,0.62,0.59,0.67,0.82,0.82,0.78,0.53,0.56,0.67,0.76,0.73,0.57,0.8,0.71,0.62,0.73,0.71,0
Belfast Metropolitan College,0.84,0.78,0.81,0.78,0.8,0.82,0.84,0.71,0.77,0.63,0.72,0.83,0.79,0.78,0.67,0.85,0.72,0.74,0.65,0.74,0.63,0.8,0.72,0.73,0.56,0.47,0.8,0.81,0.82,0.71,0.8,0.75,0.71,0.72,0.66,0
"Berkshire College of Agriculture, the (BCA)",0.94,0.88,0.94,0.94,0.82,0.88,0.82,0.71,0.76,0.65,0.76,0.88,0.76,0.69,0.59,0.82,0.53,0.65,0.75,0.69,0.82,0.76,0.88,0.71,0.59,0.69,0.76,0.93,0.84,0.72,0.78,0.65,0.69,0.79,0.73,0
Bexhill College,0.6,0.6,1,0.9,0.9,0.9,0.8,0.8,0.9,0.5,0.8,0.5,0.7,0.7,0.3,0.7,0.6,0.7,0.57,0.56,0.6,0.9,0.8,0.7,0.5,0.44,0.7,0.78,0.87,0.75,0.63,0.53,0.57,0.75,0.67,0
BIMM Limited,0.88,0.77,0.7,0.63,0.74,0.79,0.7,0.67,0.67,0.71,0.72,0.79,0.73,0.74,0.52,0.68,0.65,0.63,0.58,0.6,0.55,0.61,0.71,0.73,0.52,0.49,0.64,0.74,0.74,0.69,0.75,0.62,0.6,0.58,0.65,0
Birkbeck College,0.86,0.8,0.85,0.76,0.81,0.81,0.68,0.74,0.74,0.67,0.69,0.77,0.7,0.63,0.69,0.82,0.75,0.71,0.74,0.72,0.46,0.56,0.78,0.68,0.5,0.44,0.75,0.82,0.77,0.71,0.7,0.75,0.72,0.51,0.65,0
Birmingham City University,0.84,0.76,0.79,0.76,0.79,0.81,0.82,0.75,0.68,0.76,0.74,0.78,0.73,0.7,0.61,0.71,0.71,0.7,0.73,0.71,0.62,0.79,0.8,0.71,0.55,0.53,0.72,0.79,0.8,0.73,0.74,0.68,0.71,0.7,0.69,0
Birmingham Metropolitan College,0.72,0.75,0.69,0.72,0.58,0.69,0.81,0.56,0.77,0.41,0.59,0.69,0.69,0.58,0.34,0.63,0.32,0.45,0.34,0.52,0.44,0.74,0.66,0.66,0.41,0.3,0.56,0.72,0.7,0.58,0.66,0.44,0.45,0.58,0.57,0
Bishop Burton College,0.85,0.78,0.72,0.75,0.74,0.84,0.68,0.71,0.68,0.79,0.7,0.71,0.68,0.66,0.6,0.77,0.6,0.66,0.66,0.66,0.61,0.73,0.81,0.69,0.63,0.51,0.72,0.77,0.75,0.72,0.69,0.66,0.66,0.67,0.71,0
Bishop Grosseteste University,0.84,0.79,0.79,0.76,0.8,0.81,0.73,0.76,0.68,0.82,0.73,0.75,0.67,0.72,0.58,0.73,0.62,0.68,0.72,0.67,0.6,0.76,0.74,0.68,0.58,0.59,0.72,0.79,0.78,0.75,0.71,0.64,0.69,0.68,0.67,0
Blackburn College,0.88,0.84,0.83,0.84,0.83,0.84,0.8,0.75,0.77,0.73,0.82,0.81,0.78,0.79,0.69,0.79,0.75,0.71,0.7,0.74,0.75,0.82,0.81,0.8,0.69,0.6,0.76,0.85,0.82,0.77,0.79,0.74,0.71,0.79,0.77,0
Blackpool and the Fylde College,0.88,0.84,0.83,0.84,0.82,0.84,0.8,0.83,0.85,0.74,0.83,0.82,0.81,0.8,0.68,0.8,0.72,0.71,0.67,0.66,0.66,0.72,0.8,0.74,0.59,0.5,0.79,0.85,0.82,0.81,0.81,0.73,0.68,0.69,0.71,0
Bloomsbury Institute Limited,0.93,0.85,0.91,0.87,0.91,0.91,0.86,0.82,0.8,0.8,0.81,0.85,0.88,0.8,0.84,0.88,0.85,0.83,0.76,0.77,0.74,0.83,0.86,0.79,0.73,0.69,0.89,0.89,0.9,0.81,0.84,0.86,0.78,0.78,0.79,0
Boston College,0.84,0.8,0.8,0.82,0.84,0.84,0.76,0.75,0.87,0.71,0.78,0.89,0.82,0.84,0.69,0.91,0.8,0.67,0.59,0.67,0.65,0.76,0.85,0.8,0.64,0.49,0.8,0.81,0.81,0.78,0.85,0.8,0.65,0.71,0.76,0
"Bournemouth and Poole College, The",0.78,0.75,0.72,0.67,0.75,0.92,0.83,0.75,0.75,0.58,0.78,0.83,0.72,0.74,0.37,0.69,0.53,0.56,0.5,0.74,0.64,0.76,0.71,0.8,0.56,0.3,0.66,0.73,0.83,0.72,0.76,0.54,0.6,0.69,0.7,0
Bournemouth University,0.79,0.7,0.71,0.66,0.73,0.74,0.7,0.67,0.6,0.53,0.61,0.74,0.62,0.59,0.52,0.72,0.64,0.62,0.68,0.61,0.47,0.71,0.73,0.56,0.39,0.49,0.61,0.71,0.72,0.6,0.65,0.63,0.64,0.59,0.56,0
BPP University Limited,0.81,0.71,0.76,0.78,0.74,0.74,0.77,0.78,0.74,0.7,0.73,0.66,0.69,0.62,0.57,0.77,0.64,0.67,0.65,0.7,0.54,0.56,0.74,0.64,0.54,0.42,0.67,0.77,0.75,0.73,0.66,0.66,0.67,0.54,0.64,0
Bradford College,0.86,0.81,0.79,0.81,0.8,0.82,0.83,0.75,0.73,0.73,0.82,0.78,0.79,0.79,0.67,0.81,0.71,0.67,0.74,0.74,0.73,0.83,0.84,0.77,0.64,0.63,0.75,0.82,0.82,0.76,0.78,0.73,0.71,0.78,0.75,0
Bridgwater and Taunton College,0.81,0.82,0.9,0.75,0.71,0.74,0.69,0.71,0.75,0.72,0.75,0.76,0.75,0.7,0.57,0.76,0.71,0.55,0.64,0.61,0.54,0.72,0.65,0.71,0.51,0.46,0.76,0.82,0.71,0.73,0.74,0.68,0.6,0.63,0.62,0
Brighton and Sussex Medical School,0.97,0.96,0.97,0.88,0.93,0.91,1,0.87,0.85,0.88,0.87,0.97,0.92,0.84,0.88,0.88,0.84,0.91,0.92,0.98,0.91,0.99,0.97,0.89,0.78,0.7,0.95,0.94,0.95,0.87,0.91,0.87,0.94,0.95,0.88,0
Brockenhurst College,0.94,0.94,1,0.94,0.94,1,1,0.83,0.89,0.89,0.89,0.94,0.94,0.89,0.94,0.89,1,0.94,1,0.89,0.94,0.94,0.83,0.72,0.61,0.63,1,0.96,0.98,0.88,0.93,0.94,0.94,0.94,0.72,0
Brunel University London,0.73,0.6,0.7,0.66,0.66,0.72,0.67,0.56,0.54,0.53,0.54,0.75,0.6,0.56,0.52,0.73,0.62,0.62,0.66,0.68,0.48,0.63,0.71,0.55,0.42,0.49,0.59,0.67,0.68,0.54,0.64,0.62,0.65,0.55,0.56,0
Buckinghamshire New University,0.84,0.78,0.76,0.75,0.78,0.82,0.8,0.71,0.67,0.78,0.75,0.81,0.73,0.72,0.61,0.75,0.71,0.67,0.73,0.69,0.65,0.79,0.78,0.71,0.53,0.6,0.72,0.78,0.8,0.73,0.75,0.69,0.69,0.72,0.67,0
Burnley College,0.92,0.84,0.76,0.79,0.76,0.79,0.79,0.66,0.84,0.84,0.89,0.79,0.79,0.78,0.55,0.76,0.68,0.58,0.61,0.68,0.61,0.66,0.84,0.74,0.74,0.58,0.68,0.83,0.78,0.81,0.79,0.67,0.62,0.63,0.77,0
Bury College,0.86,0.74,0.75,0.79,0.86,0.86,0.77,0.78,0.79,0.75,0.81,0.78,0.75,0.77,0.6,0.81,0.7,0.59,0.59,0.61,0.71,0.79,0.74,0.75,0.56,0.48,0.73,0.79,0.83,0.78,0.77,0.7,0.6,0.75,0.68,0
Calderdale College,0.91,0.89,0.89,0.83,0.89,0.91,0.89,0.86,0.91,0.91,0.89,1,0.91,0.86,0.8,0.89,0.8,0.73,0.73,0.76,0.8,0.79,0.83,0.94,0.82,0.7,0.88,0.88,0.9,0.89,0.92,0.83,0.71,0.8,0.87,0
Cambridge Arts & Sciences Limited,0.93,0.93,0.87,1,0.87,0.93,0.87,0.73,0.87,0.93,0.93,0.87,0.87,0.79,0.73,0.73,0.8,0.73,0.8,0.67,0.87,0.73,0.8,0.8,0.73,0.57,0.79,0.93,0.89,0.87,0.84,0.76,0.73,0.8,0.78,0
Canterbury Christ Church University,0.81,0.77,0.78,0.76,0.78,0.81,0.76,0.72,0.68,0.7,0.74,0.73,0.66,0.65,0.47,0.66,0.58,0.69,0.75,0.7,0.55,0.71,0.76,0.66,0.44,0.5,0.66,0.78,0.78,0.71,0.67,0.57,0.71,0.63,0.62,0
Cardiff Metropolitan University,0.82,0.78,0.77,0.76,0.79,0.82,0.77,0.67,0.68,0.72,0.72,0.78,0.71,0.69,0.63,0.73,0.69,0.69,0.71,0.68,0.62,0.81,0.79,0.72,0.56,0.53,0.76,0.78,0.79,0.7,0.73,0.68,0.69,0.71,0.69,0
Cardinal Newman College,1,0.94,1,0.94,0.94,0.89,0.89,0.89,1,0.89,0.94,0.89,0.94,0.89,0.94,0.89,0.94,0.94,0.89,0.83,0.78,0.88,0.89,0.94,0.72,0.69,1,0.97,0.91,0.93,0.91,0.93,0.89,0.83,0.85,0
Central Bedfordshire College,0.74,0.72,0.81,0.89,0.83,0.94,0.83,0.69,0.72,0.64,0.81,0.78,0.69,0.74,0.58,0.86,0.78,0.68,0.78,0.64,0.74,0.91,0.69,0.74,0.62,0.57,0.77,0.79,0.87,0.72,0.74,0.74,0.7,0.83,0.69,0
Cheshire College South and West,0.88,0.92,0.88,0.88,0.96,0.96,0.88,0.92,0.88,0.92,0.83,0.92,0.75,0.79,0.79,0.92,0.75,0.7,0.71,0.75,0.71,0.88,0.83,0.88,0.54,0.38,0.87,0.89,0.93,0.89,0.82,0.82,0.72,0.79,0.75,0
Chesterfield College,0.71,0.71,0.65,0.65,0.65,0.59,0.53,0.75,0.67,0.56,0.71,0.82,0.65,0.69,0.38,0.71,0.59,0.71,0.4,0.59,0.41,0.71,0.59,0.65,0.5,0.5,0.53,0.68,0.59,0.69,0.71,0.57,0.59,0.56,0.57,0
Chichester College Group,0.89,0.89,0.68,0.7,0.68,0.74,0.68,0.7,0.68,0.64,0.74,0.83,0.72,0.71,0.55,0.79,0.66,0.63,0.52,0.67,0.63,0.78,0.67,0.61,0.48,0.5,0.76,0.79,0.7,0.69,0.76,0.67,0.61,0.7,0.58,0
City and Guilds of London Art School Limited,1,0.96,0.92,0.96,1,1,0.96,0.73,0.96,0.88,0.96,0.96,0.96,0.85,0.88,0.85,0.92,0.88,0.96,0.96,0.88,0.88,0.92,1,0.96,0.91,0.88,0.96,0.99,0.88,0.92,0.88,0.94,0.88,0.96,0
City College Norwich,0.88,0.83,0.82,0.81,0.77,0.86,0.74,0.74,0.71,0.75,0.79,0.83,0.77,0.75,0.54,0.87,0.62,0.72,0.71,0.75,0.64,0.79,0.87,0.73,0.56,0.44,0.74,0.83,0.79,0.75,0.78,0.68,0.72,0.71,0.72,0
City College Plymouth,0.94,0.87,0.83,0.82,0.82,0.83,0.85,0.85,0.91,0.87,0.89,0.92,0.85,0.89,0.77,0.96,0.88,0.82,0.7,0.81,0.78,0.89,0.9,0.89,0.81,0.7,0.82,0.87,0.83,0.88,0.89,0.87,0.78,0.83,0.86,0
City of Bristol College,0.84,0.86,0.84,0.77,0.78,0.87,0.86,0.77,0.8,0.8,0.81,0.78,0.69,0.69,0.55,0.79,0.76,0.56,0.53,0.5,0.63,0.7,0.71,0.75,0.61,0.46,0.76,0.83,0.84,0.79,0.72,0.7,0.53,0.67,0.69,0
City of Sunderland College,0.95,0.86,0.81,0.89,0.9,0.95,0.88,0.89,0.95,0.84,0.93,0.96,0.91,0.89,0.79,0.9,0.83,0.88,0.82,0.92,0.91,0.9,0.95,0.96,0.86,0.79,0.88,0.88,0.91,0.9,0.92,0.84,0.87,0.91,0.92,0
City of Wolverhampton College,1,0.82,0.73,0.64,0.73,0.73,0.64,0.55,0.8,0.55,0.73,0.91,0.73,0.6,0.55,0.91,0.82,0.64,0.45,0.73,0.55,0.91,0.82,0.91,0.64,0.4,0.64,0.8,0.7,0.64,0.76,0.76,0.61,0.73,0.79,0
"City, University of London",0.82,0.68,0.77,0.7,0.72,0.76,0.7,0.6,0.59,0.58,0.56,0.81,0.64,0.61,0.59,0.76,0.71,0.73,0.76,0.76,0.49,0.76,0.79,0.61,0.51,0.63,0.68,0.74,0.73,0.58,0.69,0.69,0.75,0.62,0.63,0
Cliff College,1,1,0.88,0.88,0.94,1,0.81,0.94,0.81,0.88,0.81,1,0.94,0.88,1,0.81,0.87,0.81,0.88,0.79,0.81,1,0.88,0.88,0.69,0.79,0.94,0.94,0.92,0.86,0.94,0.9,0.83,0.91,0.81,0
Colchester Institute,0.78,0.77,0.74,0.75,0.71,0.75,0.77,0.73,0.7,0.83,0.78,0.8,0.67,0.65,0.46,0.79,0.54,0.45,0.59,0.53,0.66,0.75,0.79,0.67,0.46,0.45,0.59,0.76,0.74,0.76,0.7,0.6,0.52,0.7,0.64,0
Cornwall College,0.84,0.85,0.84,0.82,0.77,0.88,0.73,0.85,0.78,0.59,0.77,0.78,0.74,0.73,0.54,0.78,0.7,0.61,0.65,0.64,0.67,0.77,0.77,0.76,0.61,0.5,0.72,0.84,0.8,0.75,0.75,0.67,0.64,0.72,0.71,0
Court Theatre Training Company Ltd,0.9,0.9,0.7,0.7,1,0.8,1,0.6,0.7,0.7,0.9,0.8,0.8,0.7,0.6,0.6,0.6,0.13,0.33,0.44,0.9,0.9,0.9,0.6,0.5,0.44,0.7,0.8,0.93,0.73,0.77,0.6,0.38,0.9,0.67,0
Courtauld Institute of Art,0.86,0.92,0.86,0.75,0.92,0.94,0.89,0.67,0.61,0.69,0.86,0.83,0.64,0.46,0.58,0.78,0.61,0.62,0.51,0.6,0.33,0.57,0.81,0.61,0.28,0.78,0.75,0.85,0.92,0.71,0.65,0.66,0.57,0.44,0.56,0
Coventry College,1,0.93,0.87,0.87,0.8,0.87,0.8,0.73,0.77,0.67,0.86,1,0.8,0.93,0.8,0.8,0.73,0.67,0.58,0.73,0.67,0.8,0.73,0.73,0.6,0.36,0.86,0.92,0.82,0.73,0.91,0.78,0.64,0.73,0.69,0
Coventry University,0.86,0.79,0.82,0.79,0.83,0.85,0.82,0.74,0.69,0.69,0.7,0.8,0.76,0.73,0.66,0.78,0.74,0.76,0.82,0.78,0.67,0.81,0.84,0.74,0.6,0.6,0.76,0.82,0.83,0.71,0.76,0.72,0.79,0.74,0.73,0
Craven College,0.93,0.81,0.85,0.7,0.74,0.85,0.81,0.74,0.89,0.78,0.74,0.81,0.67,0.63,0.56,0.89,0.74,0.56,0.59,0.5,0.7,0.7,0.7,0.74,0.63,0.52,0.7,0.82,0.8,0.79,0.7,0.73,0.56,0.7,0.69,0
Croydon College,0.87,0.87,0.93,0.87,0.89,0.93,0.91,0.78,0.67,0.78,0.76,0.69,0.73,0.78,0.69,0.8,0.71,0.69,0.71,0.6,0.71,0.8,0.69,0.76,0.62,0.56,0.8,0.88,0.91,0.74,0.73,0.73,0.67,0.76,0.69,0
CWR,0.93,0.93,0.93,0.93,0.93,0.86,0.93,0.86,0.79,0.86,0.86,0.93,0.79,0.75,0.93,1,0.86,0.64,0.57,0.57,0.79,0.86,0.93,0.79,0.71,0.67,0.86,0.93,0.9,0.84,0.83,0.93,0.6,0.82,0.81,0
DCG,0.93,0.85,0.88,0.85,0.85,0.88,0.78,0.88,0.88,0.83,0.93,0.9,0.93,0.9,0.73,0.93,0.79,0.79,0.77,0.77,0.82,0.84,0.9,0.83,0.75,0.74,0.88,0.88,0.83,0.88,0.91,0.82,0.78,0.82,0.83,0
De Montfort University,0.76,0.67,0.73,0.7,0.71,0.76,0.72,0.64,0.6,0.63,0.63,0.72,0.61,0.6,0.52,0.67,0.62,0.64,0.71,0.66,0.5,0.65,0.71,0.62,0.46,0.52,0.65,0.71,0.73,0.62,0.64,0.61,0.67,0.57,0.6,0
DN Colleges Group,0.88,0.79,0.81,0.79,0.86,0.87,0.79,0.79,0.82,0.81,0.83,0.75,0.74,0.75,0.63,0.8,0.72,0.65,0.62,0.66,0.64,0.69,0.77,0.76,0.55,0.49,0.74,0.82,0.84,0.81,0.75,0.71,0.63,0.66,0.7,0
Dudley College of Technology,0.94,0.88,0.88,0.81,0.81,0.94,0.94,0.81,0.94,0.88,0.88,0.94,1,0.88,0.75,0.94,0.81,0.63,0.63,0.81,0.88,0.94,0.94,0.94,0.69,0.43,0.81,0.88,0.9,0.88,0.94,0.83,0.69,0.91,0.85,0
East Sussex College Group,0.87,0.85,0.88,0.84,0.87,0.9,0.82,0.76,0.83,0.8,0.83,0.87,0.77,0.79,0.69,0.84,0.77,0.69,0.64,0.68,0.76,0.81,0.79,0.81,0.68,0.63,0.78,0.86,0.86,0.81,0.81,0.77,0.67,0.79,0.76,0
Edge Hill University,0.83,0.76,0.77,0.75,0.78,0.79,0.78,0.74,0.68,0.71,0.72,0.75,0.71,0.71,0.58,0.75,0.65,0.79,0.85,0.79,0.61,0.76,0.77,0.69,0.53,0.53,0.74,0.78,0.78,0.71,0.72,0.66,0.81,0.68,0.66,0
Edinburgh Napier University,0.87,0.82,0.82,0.78,0.82,0.84,0.8,0.77,0.74,0.67,0.71,0.85,0.76,0.7,0.64,0.78,0.71,0.83,0.86,0.84,0.61,0.84,0.88,0.74,0.53,0.5,0.81,0.82,0.82,0.72,0.77,0.71,0.84,0.72,0.72,0
EKC Group,0.84,0.81,0.66,0.53,0.63,0.78,0.56,0.63,0.75,0.65,0.75,0.81,0.69,0.78,0.56,0.81,0.75,0.61,0.43,0.63,0.66,0.74,0.75,0.72,0.53,0.52,0.63,0.71,0.66,0.7,0.76,0.71,0.56,0.7,0.67,0
Elim Foursquare Gospel Alliance,0.97,0.85,0.94,0.76,0.91,0.91,0.85,0.82,0.73,0.64,0.67,0.91,0.82,0.78,0.85,0.88,0.85,0.58,0.61,0.66,0.58,0.76,0.88,0.85,0.55,0.61,0.79,0.88,0.89,0.71,0.84,0.86,0.62,0.68,0.76,0
Empire College London Limited,0.98,0.97,0.97,1,1,1,0.95,0.98,0.98,0.98,0.97,1,0.97,0.98,1,0.97,1,0.88,0.83,0.89,0.98,0.98,0.97,0.93,0.98,0.87,1,0.98,0.98,0.98,0.98,0.99,0.86,0.98,0.96,0
Exeter College,0.92,0.83,0.79,0.85,0.85,0.92,0.81,0.87,0.83,0.91,0.92,0.91,0.89,0.81,0.75,0.91,0.83,0.6,0.62,0.7,0.72,0.79,0.81,0.81,0.62,0.6,0.85,0.85,0.86,0.88,0.87,0.83,0.64,0.75,0.75,0
Fairfield School of Business Ltd,0.9,0.91,0.9,0.88,0.93,0.91,0.87,0.87,0.88,0.9,0.9,0.87,0.91,0.88,0.85,0.94,0.84,0.85,0.86,0.87,0.87,0.9,0.9,0.88,0.85,0.81,0.9,0.9,0.91,0.89,0.88,0.88,0.86,0.89,0.88,0
Falmouth University,0.81,0.8,0.72,0.74,0.8,0.81,0.78,0.67,0.71,0.73,0.73,0.8,0.74,0.71,0.56,0.7,0.65,0.72,0.8,0.7,0.65,0.76,0.77,0.72,0.54,0.49,0.72,0.77,0.8,0.71,0.75,0.63,0.74,0.7,0.68,0
Fareham College,0.92,0.88,0.85,0.69,0.73,0.77,0.62,0.69,0.88,0.69,0.69,0.88,0.69,0.64,0.5,0.73,0.58,0.56,0.44,0.54,0.5,0.7,0.77,0.88,0.58,0.5,0.69,0.84,0.71,0.74,0.74,0.6,0.51,0.58,0.74,0
Farnborough College of Technology,0.87,0.81,0.8,0.81,0.87,0.89,0.79,0.78,0.8,0.67,0.73,0.84,0.77,0.76,0.63,0.81,0.7,0.63,0.67,0.65,0.66,0.78,0.74,0.74,0.56,0.53,0.82,0.82,0.85,0.74,0.79,0.71,0.65,0.72,0.68,0
ForMission Ltd,1,0.89,0.89,0.89,0.89,0.89,1,0.83,0.94,0.83,1,0.89,1,0.94,0.78,0.89,0.88,0.94,0.72,0.83,0.89,0.78,1,1,0.89,0.73,0.94,0.92,0.93,0.9,0.94,0.85,0.83,0.83,0.96,0
Furness College,0.88,0.83,0.79,0.88,0.88,0.9,0.77,0.75,0.85,0.7,0.7,0.93,0.85,0.68,0.75,0.98,0.85,0.7,0.64,0.73,0.8,0.8,0.8,0.82,0.67,0.4,0.8,0.84,0.85,0.75,0.83,0.86,0.69,0.8,0.76,0
Futureworks Training Limited,0.87,0.85,0.85,0.82,0.81,0.88,0.87,0.81,0.82,0.78,0.84,0.91,0.86,0.85,0.73,0.82,0.81,0.82,0.59,0.82,0.68,0.76,0.83,0.73,0.55,0.45,0.87,0.84,0.85,0.81,0.87,0.79,0.75,0.72,0.71,0
Gateshead College,0.81,0.77,0.73,0.73,0.64,0.59,0.59,0.73,0.82,0.59,0.68,0.86,0.77,0.73,0.5,0.9,0.71,0.67,0.5,0.55,0.77,0.77,0.77,0.73,0.45,0.43,0.64,0.75,0.61,0.7,0.79,0.68,0.57,0.77,0.65,0
Glasgow Caledonian University,0.85,0.77,0.81,0.76,0.8,0.83,0.77,0.74,0.7,0.57,0.64,0.82,0.73,0.66,0.64,0.8,0.76,0.76,0.79,0.79,0.56,0.82,0.86,0.68,0.51,0.53,0.78,0.8,0.8,0.66,0.74,0.73,0.78,0.68,0.68,0
Glasgow School of Art,0.77,0.78,0.67,0.63,0.67,0.72,0.62,0.58,0.69,0.69,0.74,0.86,0.66,0.67,0.35,0.61,0.52,0.5,0.63,0.49,0.58,0.57,0.56,0.57,0.34,0.42,0.53,0.71,0.67,0.67,0.73,0.49,0.54,0.58,0.49,0
Global Banking School Limited,0.93,0.9,0.94,0.94,0.94,0.94,0.93,0.93,0.89,0.88,0.94,0.86,0.93,0.93,0.87,0.93,0.87,0.82,0.82,0.85,0.87,0.92,0.92,0.91,0.9,0.79,0.93,0.93,0.94,0.91,0.91,0.89,0.83,0.9,0.91,0
Gloucestershire College,0.79,0.89,0.79,0.89,0.89,1,0.89,0.74,0.79,0.84,0.84,0.74,0.74,0.74,0.63,0.84,0.63,0.58,0.84,0.84,0.68,0.74,0.84,0.84,0.63,0.47,0.79,0.84,0.93,0.8,0.74,0.7,0.75,0.71,0.77,0
Goldsmiths' College,0.78,0.75,0.78,0.65,0.74,0.8,0.62,0.59,0.62,0.46,0.67,0.75,0.61,0.57,0.47,0.67,0.55,0.6,0.66,0.61,0.44,0.63,0.71,0.62,0.36,0.49,0.62,0.74,0.72,0.59,0.65,0.56,0.62,0.54,0.56,0
Gr?p Colegau NPTC Group of Colleges,0.83,0.72,0.72,0.72,0.78,0.78,0.67,0.61,0.78,0.56,0.61,0.83,0.78,0.83,0.61,0.83,0.61,0.71,0.65,0.71,0.67,0.89,0.61,0.67,0.56,0.47,0.61,0.75,0.74,0.64,0.81,0.69,0.69,0.78,0.61,0
Gr?p Llandrillo Menai,0.87,0.85,0.83,0.8,0.8,0.8,0.78,0.77,0.79,0.69,0.82,0.76,0.74,0.8,0.66,0.81,0.71,0.71,0.66,0.71,0.76,0.78,0.8,0.78,0.54,0.52,0.77,0.84,0.79,0.76,0.76,0.72,0.7,0.77,0.71,0
Greater Brighton Metropolitan College,0.89,0.89,0.81,0.84,0.8,0.82,0.77,0.73,0.83,0.78,0.88,0.85,0.8,0.84,0.64,0.78,0.76,0.7,0.68,0.67,0.69,0.76,0.78,0.86,0.56,0.58,0.71,0.86,0.8,0.81,0.83,0.73,0.68,0.72,0.73,0
Guildhall School of Music & Drama,0.89,0.83,0.75,0.82,0.88,0.8,0.83,0.61,0.64,0.79,0.82,0.89,0.82,0.78,0.59,0.74,0.76,0.77,0.8,0.81,0.84,0.88,0.74,0.77,0.55,0.66,0.79,0.82,0.84,0.72,0.83,0.7,0.79,0.86,0.69,0
Harper Adams University,0.9,0.85,0.84,0.81,0.85,0.85,0.83,0.73,0.7,0.57,0.68,0.87,0.8,0.77,0.72,0.77,0.76,0.74,0.73,0.73,0.76,0.85,0.8,0.77,0.62,0.52,0.84,0.85,0.84,0.67,0.81,0.75,0.73,0.8,0.73,0
Hartpury University,0.89,0.81,0.79,0.78,0.76,0.81,0.76,0.76,0.71,0.79,0.76,0.8,0.76,0.77,0.69,0.79,0.71,0.67,0.74,0.74,0.67,0.79,0.84,0.78,0.57,0.55,0.8,0.82,0.78,0.75,0.78,0.73,0.72,0.73,0.73,0
Havant and South Downs College,0.86,0.86,0.86,0.79,0.71,0.71,0.79,0.79,0.86,0.93,0.79,0.79,0.86,0.86,0.71,1,0.79,0.62,0.64,0.64,0.69,0.86,0.69,0.79,0.69,0.3,0.79,0.84,0.74,0.84,0.83,0.83,0.63,0.79,0.74,0
Heart of Worcestershire College,0.84,0.74,0.81,0.8,0.79,0.8,0.85,0.81,0.77,0.83,0.76,0.84,0.72,0.7,0.71,0.74,0.78,0.7,0.67,0.72,0.52,0.56,0.76,0.65,0.47,0.44,0.76,0.8,0.81,0.79,0.75,0.74,0.69,0.53,0.63,0
Heart of Yorkshire Education Group,0.95,0.91,0.86,0.91,0.91,0.92,0.86,0.91,0.96,0.8,0.89,0.91,0.85,0.86,0.77,0.89,0.88,0.76,0.72,0.77,0.77,0.84,0.87,0.89,0.73,0.53,0.86,0.91,0.9,0.89,0.88,0.84,0.75,0.81,0.83,0
Hereford College of Arts,0.87,0.87,0.83,0.83,0.88,0.83,0.81,0.79,0.83,0.84,0.84,0.84,0.83,0.81,0.69,0.78,0.71,0.77,0.91,0.79,0.77,0.76,0.81,0.77,0.68,0.48,0.84,0.85,0.84,0.82,0.83,0.73,0.82,0.77,0.76,0
Heriot-Watt University,0.81,0.72,0.82,0.78,0.8,0.83,0.76,0.63,0.69,0.51,0.57,0.84,0.72,0.66,0.66,0.81,0.72,0.8,0.76,0.79,0.57,0.83,0.82,0.66,0.48,0.59,0.79,0.78,0.8,0.6,0.74,0.73,0.78,0.7,0.65,0
Holy Cross College,0.9,0.85,0.9,0.88,0.87,0.83,0.87,0.8,0.85,0.87,0.88,0.83,0.78,0.92,0.7,0.77,0.7,0.68,0.8,0.69,0.73,0.67,0.82,0.83,0.63,0.78,0.83,0.88,0.86,0.85,0.84,0.72,0.72,0.7,0.76,0
Hopwood Hall College,1,0.94,0.88,0.94,0.94,1,1,0.75,0.63,0.75,0.88,0.88,0.88,0.81,0.88,0.88,0.81,0.63,0.56,0.56,0.88,0.94,0.94,1,0.75,0.75,1,0.94,0.98,0.75,0.85,0.85,0.58,0.91,0.9,0
Hugh Baird College,0.87,0.83,0.76,0.76,0.73,0.86,0.79,0.73,0.82,0.72,0.77,0.8,0.79,0.77,0.59,0.79,0.62,0.69,0.71,0.67,0.72,0.77,0.76,0.76,0.56,0.52,0.68,0.81,0.79,0.76,0.79,0.67,0.69,0.75,0.69,0
Hull and York Medical School,0.86,0.86,0.94,0.8,0.72,0.83,0.93,0.7,0.73,0.7,0.73,0.84,0.71,0.71,0.55,0.66,0.52,0.73,0.9,0.92,0.79,0.94,0.85,0.67,0.54,0.38,0.83,0.86,0.83,0.71,0.75,0.58,0.84,0.86,0.69,0
Hull College,0.82,0.85,0.92,0.85,0.8,0.85,0.77,0.75,0.87,0.63,0.77,0.89,0.75,0.74,0.57,0.87,0.75,0.71,0.75,0.72,0.75,0.83,0.8,0.85,0.69,0.48,0.69,0.86,0.81,0.75,0.79,0.73,0.72,0.8,0.78,0
Hy Education Limited,1,1,0.97,1,1,0.97,0.94,0.97,0.97,0.89,0.94,0.97,0.97,1,1,0.97,0.97,0.97,0.89,0.89,0.94,0.97,0.97,1,0.94,0.86,1,0.99,0.97,0.94,0.98,0.98,0.91,0.96,0.97,0
ICMP Management Limited,0.81,0.71,0.59,0.62,0.7,0.7,0.73,0.71,0.58,0.7,0.71,0.79,0.66,0.66,0.47,0.65,0.66,0.59,0.62,0.66,0.51,0.65,0.75,0.69,0.49,0.44,0.52,0.68,0.71,0.67,0.7,0.59,0.62,0.58,0.65,0
ICON College of Technology and Management Ltd,0.88,0.86,0.86,0.86,0.87,0.91,0.86,0.82,0.82,0.81,0.87,0.79,0.83,0.82,0.81,0.89,0.83,0.8,0.8,0.79,0.79,0.86,0.81,0.77,0.8,0.73,0.87,0.87,0.88,0.83,0.81,0.84,0.79,0.82,0.79,0
Inter-ED UK Limited,0.93,0.93,1,0.93,0.93,0.93,0.93,0.93,0.86,0.71,0.64,1,1,0.83,0.93,0.93,0.93,0.57,0.64,0.71,0.93,0.93,1,0.79,0.86,0.62,0.86,0.95,0.93,0.79,0.95,0.93,0.64,0.93,0.88,0
International College of Oriental Medicine (U.K.) Limited(The),0.83,0.92,1,0.83,1,1,1,0.92,0.92,0.83,0.83,0.92,0.92,0.75,0.83,0.75,0.75,0.58,0.75,0.67,0.67,0.83,0.83,0.75,0.67,0.63,0.83,0.9,1,0.88,0.86,0.78,0.67,0.75,0.75,0
Istituto Marangoni Limited,0.87,0.81,0.73,0.79,0.78,0.87,0.83,0.68,0.74,0.71,0.75,0.84,0.8,0.79,0.65,0.68,0.71,0.74,0.76,0.74,0.7,0.82,0.82,0.72,0.68,0.69,0.76,0.8,0.83,0.72,0.81,0.68,0.75,0.76,0.74,0
Kaplan Open Learning (Essex) Limited,0.98,0.88,0.95,0.94,0.92,0.95,0.89,0.88,0.77,0.95,0.92,0.88,0.86,0.85,0.97,0.86,0.89,0.79,0.73,0.82,0.44,0.54,0.83,0.71,0.57,0.54,0.94,0.94,0.92,0.88,0.85,0.91,0.78,0.48,0.71,0
Kendal College,0.81,0.81,0.88,0.88,0.81,0.94,0.88,0.69,0.81,0.75,0.69,0.75,0.69,0.63,0.56,0.75,0.44,0.56,0.38,0.56,0.56,0.81,0.69,0.75,0.5,0.13,0.75,0.84,0.88,0.73,0.69,0.58,0.5,0.69,0.65,0
Kensington Education Foundation Limited,0.96,0.96,0.91,0.96,0.87,0.87,0.78,0.87,0.87,0.87,0.96,0.91,0.91,0.91,0.83,0.87,0.91,0.82,0.96,0.91,0.91,0.96,1,0.87,0.87,0.73,0.96,0.95,0.84,0.89,0.91,0.87,0.9,0.93,0.91,0
Kingston Maurward College,0.92,1,0.92,0.83,0.75,0.75,0.5,0.67,0.67,0.42,0.67,0.83,0.75,0.83,0.58,0.75,0.67,0.18,0.55,0.42,0.75,0.75,0.75,0.75,0.42,0.3,0.58,0.92,0.67,0.6,0.81,0.67,0.42,0.75,0.64,0
Kingston University,0.85,0.76,0.79,0.76,0.77,0.82,0.79,0.74,0.72,0.7,0.75,0.81,0.71,0.69,0.62,0.7,0.72,0.7,0.73,0.68,0.6,0.78,0.83,0.74,0.6,0.55,0.74,0.79,0.79,0.73,0.74,0.68,0.7,0.69,0.73,0
Lakes College West Cumbria,0.88,0.75,0.79,0.83,0.79,0.83,0.79,0.79,0.96,0.54,0.79,0.79,0.83,0.77,0.58,0.88,0.78,0.58,0.5,0.46,0.75,0.88,0.83,0.71,0.48,0.47,0.71,0.81,0.81,0.77,0.8,0.75,0.51,0.81,0.67,0
Lamda Limited,0.77,0.79,0.67,0.77,0.72,0.63,0.69,0.5,0.56,0.47,0.67,0.7,0.56,0.51,0.21,0.42,0.14,0.63,0.78,0.74,0.56,0.74,0.35,0.14,0.05,0.6,0.52,0.75,0.68,0.55,0.59,0.26,0.71,0.65,0.18,0
LCCM AU UK Limited,0.91,0.85,0.74,0.74,0.76,0.82,0.88,0.74,0.79,0.82,0.85,0.76,0.74,0.76,0.68,0.79,0.71,0.56,0.42,0.53,0.65,0.62,0.76,0.76,0.68,0.61,0.76,0.81,0.82,0.8,0.75,0.73,0.52,0.63,0.74,0
Le Cordon Bleu Limited,0.92,0.92,0.92,0.88,0.92,0.92,0.79,0.79,0.88,0.88,0.92,0.88,0.92,0.88,0.92,0.71,0.92,0.83,0.63,0.79,0.83,0.83,0.88,0.79,0.67,0.65,0.88,0.91,0.88,0.86,0.89,0.85,0.75,0.81,0.78,0
Leeds Arts University,0.77,0.77,0.65,0.71,0.78,0.77,0.75,0.65,0.61,0.73,0.72,0.79,0.69,0.69,0.49,0.71,0.61,0.73,0.79,0.67,0.58,0.7,0.8,0.65,0.49,0.6,0.64,0.72,0.77,0.68,0.72,0.6,0.73,0.64,0.65,0
Leeds Beckett University,0.83,0.77,0.77,0.75,0.78,0.81,0.76,0.72,0.72,0.66,0.69,0.78,0.72,0.7,0.65,0.76,0.72,0.71,0.71,0.7,0.57,0.76,0.78,0.71,0.52,0.55,0.74,0.78,0.79,0.7,0.73,0.71,0.71,0.67,0.67,0
Leeds Conservatoire,0.86,0.78,0.66,0.68,0.78,0.77,0.73,0.73,0.75,0.88,0.81,0.82,0.77,0.69,0.59,0.7,0.67,0.64,0.66,0.67,0.58,0.71,0.7,0.75,0.51,0.61,0.69,0.75,0.76,0.79,0.76,0.65,0.65,0.64,0.65,0
Leeds Trinity University,0.85,0.75,0.7,0.7,0.72,0.8,0.75,0.71,0.65,0.68,0.67,0.73,0.65,0.65,0.6,0.74,0.62,0.6,0.64,0.64,0.52,0.74,0.78,0.7,0.49,0.55,0.66,0.75,0.76,0.67,0.68,0.65,0.62,0.63,0.66,0
Leicester College,0.75,0.73,0.73,0.77,0.71,0.73,0.83,0.71,0.73,0.56,0.73,0.73,0.77,0.67,0.5,0.79,0.69,0.52,0.7,0.67,0.55,0.84,0.72,0.68,0.46,0.47,0.71,0.75,0.76,0.68,0.72,0.66,0.63,0.7,0.62,0
Lincoln College,0.91,0.88,0.84,0.84,0.86,0.83,0.91,0.67,0.82,0.7,0.7,0.84,0.81,0.82,0.52,0.86,0.69,0.56,0.59,0.71,0.69,0.82,0.74,0.78,0.6,0.46,0.74,0.87,0.87,0.73,0.83,0.69,0.62,0.75,0.7,0
Liverpool Hope University,0.84,0.77,0.79,0.73,0.79,0.77,0.76,0.7,0.71,0.69,0.73,0.8,0.71,0.65,0.6,0.74,0.65,0.63,0.62,0.63,0.63,0.75,0.74,0.7,0.52,0.53,0.73,0.78,0.77,0.7,0.72,0.66,0.63,0.69,0.65,0
Liverpool John Moores University,0.79,0.74,0.77,0.73,0.75,0.79,0.74,0.68,0.64,0.65,0.65,0.77,0.7,0.68,0.62,0.76,0.68,0.69,0.73,0.69,0.56,0.75,0.79,0.66,0.49,0.52,0.73,0.76,0.76,0.66,0.72,0.69,0.7,0.65,0.65,0
London Bridge Business Academy Limited,0.98,0.98,0.98,1,0.98,0.98,0.95,0.95,0.95,0.93,0.95,0.95,0.95,0.95,0.93,0.98,0.98,0.92,0.9,0.92,0.98,0.9,0.98,0.98,0.93,0.92,0.95,0.98,0.97,0.94,0.95,0.96,0.9,0.94,0.96,0
London Churchill College Ltd,0.96,0.96,0.97,0.96,0.93,0.96,0.95,0.96,0.97,0.94,0.94,0.95,0.97,0.95,0.97,0.93,0.95,0.94,0.92,0.9,0.93,0.94,0.96,0.94,0.95,0.95,0.96,0.96,0.95,0.95,0.96,0.95,0.92,0.93,0.95,0
London College of Business Studies,1,0.93,0.93,0.93,0.93,0.93,0.93,1,0.86,1,1,0.93,0.86,0.93,0.93,1,0.93,0.79,0.79,0.79,0.93,0.86,1,1,0.79,0.85,1,0.95,0.93,0.96,0.9,0.95,0.79,0.89,0.93,0
London Metropolitan University,0.89,0.82,0.83,0.8,0.83,0.86,0.8,0.81,0.76,0.73,0.81,0.85,0.79,0.74,0.72,0.84,0.82,0.7,0.73,0.71,0.64,0.78,0.84,0.79,0.7,0.6,0.8,0.84,0.83,0.78,0.79,0.79,0.71,0.71,0.77,0
London School of Commerce & IT Limited,1,0.92,1,1,1,1,1,0.92,1,0.85,0.92,0.85,0.92,0.77,1,0.92,1,0.75,0.83,1,1,1,0.92,0.69,0.85,0.83,1,0.98,1,0.92,0.83,0.97,0.87,1,0.82,0
London School of Management Education Limited,0.96,0.95,0.93,0.95,0.93,0.96,0.95,1,0.98,0.91,0.93,0.96,0.98,0.94,0.89,0.96,0.89,0.94,0.83,0.87,0.96,0.95,0.96,0.93,0.89,0.96,0.96,0.95,0.95,0.95,0.96,0.92,0.88,0.95,0.92,0
London School of Science & Technology Limited,0.9,0.9,0.92,0.93,0.92,0.91,0.92,0.86,0.84,0.87,0.85,0.84,0.85,0.89,0.84,0.9,0.87,0.84,0.83,0.85,0.86,0.91,0.89,0.89,0.84,0.82,0.9,0.91,0.92,0.86,0.86,0.87,0.84,0.88,0.87,0
London School of Theology,0.84,0.84,0.91,0.74,0.91,0.86,0.86,0.7,0.67,0.67,0.77,0.91,0.86,0.71,0.49,0.77,0.53,0.67,0.88,0.79,0.7,0.72,0.72,0.63,0.36,0.68,0.7,0.83,0.88,0.7,0.83,0.6,0.78,0.71,0.57,0
London South Bank University,0.77,0.7,0.73,0.72,0.75,0.78,0.76,0.71,0.68,0.64,0.68,0.75,0.69,0.66,0.53,0.73,0.66,0.5,0.63,0.57,0.56,0.76,0.75,0.68,0.52,0.53,0.66,0.73,0.76,0.68,0.7,0.64,0.57,0.66,0.65,0
London South East Colleges,0.85,0.87,0.87,0.9,0.9,0.88,0.84,0.87,0.87,0.65,0.9,0.85,0.84,0.84,0.79,0.92,0.88,0.75,0.79,0.75,0.75,0.9,0.88,0.85,0.77,0.61,0.77,0.87,0.87,0.82,0.85,0.87,0.76,0.83,0.83,0
London Studio Centre Limited,0.87,0.92,0.79,0.86,0.79,0.71,0.78,0.74,0.71,0.79,0.83,0.86,0.82,0.78,0.67,0.74,0.62,0.74,0.66,0.53,0.82,0.83,0.72,0.68,0.64,0.59,0.78,0.86,0.76,0.77,0.82,0.68,0.64,0.82,0.68,0
Loughborough College,0.9,0.82,0.89,0.79,0.8,0.83,0.8,0.82,0.73,0.77,0.81,0.87,0.81,0.81,0.76,0.77,0.78,0.78,0.66,0.8,0.71,0.85,0.84,0.8,0.63,0.5,0.85,0.85,0.81,0.78,0.83,0.77,0.75,0.77,0.76,0
Loughborough University,0.88,0.79,0.87,0.8,0.84,0.86,0.79,0.72,0.69,0.65,0.61,0.89,0.78,0.7,0.79,0.86,0.82,0.86,0.85,0.86,0.69,0.85,0.9,0.76,0.61,0.63,0.85,0.84,0.83,0.67,0.79,0.83,0.86,0.77,0.75,0
LTE Group,0.8,0.78,0.73,0.75,0.81,0.75,0.78,0.73,0.73,0.72,0.8,0.79,0.73,0.73,0.53,0.7,0.61,0.49,0.6,0.65,0.7,0.79,0.77,0.71,0.6,0.56,0.67,0.76,0.78,0.74,0.75,0.61,0.58,0.74,0.69,0
Luminate Education Group,0.89,0.88,0.84,0.83,0.86,0.88,0.85,0.79,0.83,0.76,0.84,0.83,0.83,0.82,0.68,0.88,0.78,0.66,0.58,0.65,0.73,0.81,0.83,0.85,0.71,0.64,0.81,0.86,0.86,0.8,0.83,0.78,0.63,0.77,0.79,0
Manchester Metropolitan University,0.81,0.73,0.75,0.71,0.75,0.76,0.74,0.7,0.68,0.72,0.66,0.77,0.69,0.66,0.6,0.7,0.66,0.66,0.69,0.65,0.51,0.67,0.73,0.67,0.48,0.5,0.7,0.75,0.75,0.69,0.71,0.65,0.67,0.59,0.63,0
Matrix College of Counselling and Psychotherapy Ltd,0.85,0.96,0.93,0.89,0.89,0.85,0.89,0.78,0.81,0.78,0.85,0.89,0.78,0.73,0.81,0.89,0.89,0.47,0.59,0.67,0.74,0.85,0.93,0.74,0.74,0.59,0.88,0.91,0.88,0.81,0.8,0.86,0.57,0.8,0.8,0
Met Film School Limited,0.91,0.83,0.65,0.51,0.68,0.78,0.74,0.64,0.56,0.69,0.76,0.77,0.76,0.74,0.32,0.53,0.48,0.56,0.51,0.64,0.68,0.73,0.85,0.59,0.41,0.41,0.56,0.72,0.74,0.66,0.76,0.44,0.57,0.7,0.62,0
Middlesbrough College,0.88,0.83,0.82,0.9,0.81,0.92,0.86,0.82,0.85,0.77,0.86,0.78,0.83,0.76,0.74,0.83,0.72,0.69,0.64,0.73,0.82,0.78,0.86,0.87,0.7,0.68,0.79,0.86,0.86,0.82,0.79,0.77,0.69,0.79,0.81,0
Middlesex University,0.78,0.71,0.72,0.71,0.73,0.79,0.74,0.69,0.66,0.67,0.7,0.77,0.67,0.64,0.57,0.72,0.7,0.68,0.71,0.71,0.58,0.75,0.74,0.67,0.55,0.54,0.69,0.73,0.75,0.68,0.69,0.66,0.7,0.66,0.66,0
Milton Keynes College,0.64,0.55,0.73,0.91,0.91,1,0.73,0.55,0.91,0.36,0.73,0.55,0.55,0.45,0.27,0.82,0.36,0.67,0.5,0.44,0.73,0.82,0.55,0.64,0.27,0.63,0.36,0.7,0.88,0.64,0.52,0.48,0.5,0.77,0.48,0
Mont Rose College of Management and Sciences Limited,0.91,0.89,0.91,0.93,0.93,0.94,0.91,0.84,0.81,0.78,0.89,0.9,0.92,0.93,0.89,0.92,0.89,0.86,0.83,0.87,0.88,0.87,0.89,0.85,0.82,0.83,0.92,0.91,0.93,0.83,0.92,0.9,0.85,0.88,0.85,0
Moorlands College,0.98,0.98,0.96,0.92,0.98,0.94,0.96,0.94,0.92,0.9,0.9,0.98,0.96,0.96,0.94,0.89,0.96,0.92,0.92,0.87,0.85,0.9,0.98,0.94,0.83,0.81,0.96,0.96,0.96,0.91,0.97,0.93,0.9,0.88,0.92,0
Morley College Limited,0.96,1,0.92,0.85,0.84,0.92,0.84,0.68,0.65,0.72,0.81,0.69,0.85,0.76,0.77,0.85,0.77,0.77,0.69,0.62,0.85,0.88,0.83,0.77,0.69,0.55,0.85,0.91,0.85,0.71,0.77,0.79,0.69,0.85,0.76,0
Moulton College,0.89,0.92,0.84,0.78,0.73,0.81,0.69,0.89,0.86,0.76,0.89,0.86,0.78,0.76,0.57,0.73,0.65,0.54,0.56,0.67,0.68,0.86,0.7,0.81,0.59,0.43,0.68,0.86,0.75,0.85,0.8,0.65,0.59,0.77,0.7,0
Mountview Academy of Theatre Arts Limited,0.9,0.89,0.82,0.76,0.83,0.85,0.83,0.61,0.58,0.73,0.83,0.91,0.82,0.8,0.41,0.71,0.54,0.67,0.79,0.74,0.75,0.89,0.67,0.57,0.43,0.6,0.68,0.84,0.84,0.69,0.84,0.55,0.73,0.82,0.56,0
Myerscough College,0.88,0.81,0.81,0.81,0.77,0.86,0.76,0.77,0.79,0.75,0.85,0.83,0.77,0.81,0.68,0.76,0.75,0.68,0.78,0.69,0.67,0.74,0.84,0.74,0.6,0.47,0.82,0.83,0.8,0.79,0.81,0.73,0.72,0.7,0.73,0
Nazarene Theological College,1,1,0.91,1,1,1,0.91,0.91,0.91,0.73,1,1,1,1,1,1,1,0.91,1,0.82,1,1,1,1,0.91,0.9,1,0.98,0.97,0.89,1,1,0.91,1,0.97,0
NCG,0.87,0.83,0.8,0.82,0.83,0.82,0.84,0.8,0.82,0.78,0.82,0.85,0.79,0.79,0.67,0.82,0.79,0.66,0.6,0.67,0.72,0.79,0.84,0.81,0.67,0.57,0.76,0.83,0.83,0.8,0.81,0.76,0.64,0.75,0.77,0
NCH at Northeastern Limited,0.89,0.82,0.91,0.8,0.84,0.82,0.7,0.66,0.68,0.84,0.75,0.88,0.82,0.78,0.77,0.8,0.79,0.61,0.54,0.55,0.68,0.77,0.8,0.71,0.54,0.52,0.84,0.86,0.79,0.73,0.82,0.79,0.57,0.72,0.68,0
Nelson and Colne College,0.88,0.86,0.86,0.8,0.84,0.88,0.86,0.82,0.78,0.71,0.88,0.69,0.82,0.73,0.77,0.86,0.71,0.72,0.74,0.6,0.69,0.78,0.79,0.75,0.65,0.64,0.76,0.85,0.86,0.8,0.75,0.78,0.69,0.73,0.73,0
Nelson College London Limited,0.98,0.97,0.97,0.96,0.96,0.97,0.96,0.97,0.95,0.94,0.96,0.98,0.97,0.97,0.97,0.96,0.97,0.96,0.94,0.95,0.97,0.94,0.97,0.97,0.97,0.89,0.98,0.97,0.96,0.96,0.97,0.97,0.95,0.96,0.97,0
New City College,0.82,0.79,0.8,0.83,0.84,0.86,0.82,0.76,0.76,0.79,0.81,0.62,0.75,0.73,0.68,0.81,0.58,0.7,0.74,0.71,0.71,0.76,0.75,0.69,0.68,0.6,0.72,0.81,0.84,0.78,0.7,0.69,0.72,0.74,0.71,0
New College Durham,0.9,0.86,0.84,0.88,0.89,0.87,0.86,0.88,0.87,0.85,0.84,0.8,0.84,0.84,0.78,0.9,0.82,0.81,0.82,0.79,0.78,0.92,0.87,0.82,0.72,0.71,0.84,0.87,0.87,0.86,0.82,0.84,0.8,0.85,0.8,0
New College Swindon,0.81,0.81,0.82,0.83,0.83,0.9,0.79,0.72,0.73,0.69,0.77,0.73,0.76,0.79,0.74,0.83,0.78,0.73,0.76,0.74,0.8,0.81,0.8,0.77,0.68,0.66,0.78,0.82,0.84,0.73,0.76,0.78,0.74,0.81,0.75,0
Newbury College,1,0.91,1,1,0.91,1,0.73,0.73,1,0.82,1,1,1,0.67,0.91,1,0.91,0.91,0.5,0.73,0.6,0.82,0.91,0.82,0.64,0.33,1,0.98,0.88,0.89,0.91,0.94,0.73,0.73,0.79,0
Newman University,0.87,0.75,0.79,0.78,0.84,0.85,0.84,0.75,0.69,0.77,0.76,0.75,0.75,0.72,0.67,0.79,0.69,0.76,0.81,0.77,0.65,0.8,0.81,0.71,0.58,0.65,0.75,0.8,0.84,0.74,0.74,0.72,0.78,0.72,0.7,0
Norland College Limited,0.94,0.85,0.9,0.89,0.95,0.91,0.97,0.95,0.8,0.87,0.82,0.91,0.77,0.78,0.8,0.8,0.89,0.91,0.95,0.94,0.78,0.85,0.85,0.8,0.77,0.68,0.87,0.89,0.95,0.86,0.82,0.83,0.93,0.82,0.81,0
North East Surrey College of Technology (NESCOT),0.96,0.94,0.94,0.96,0.94,0.94,0.94,0.93,0.95,0.89,0.95,0.9,0.93,0.94,0.91,0.95,0.93,0.9,0.91,0.89,0.93,0.96,0.95,0.94,0.87,0.84,0.93,0.95,0.94,0.93,0.92,0.93,0.9,0.94,0.92,0
North Warwickshire and South Leicestershire College,0.96,0.89,0.83,0.89,0.81,0.89,0.75,0.83,0.9,0.74,0.87,0.91,0.85,0.82,0.68,0.83,0.75,0.69,0.55,0.71,0.81,0.87,0.87,0.87,0.77,0.64,0.87,0.89,0.82,0.83,0.86,0.75,0.65,0.84,0.84,0
North West Regional College,0.83,0.78,0.76,0.78,0.8,0.8,0.82,0.75,0.78,0.76,0.78,0.85,0.77,0.77,0.6,0.78,0.77,0.69,0.66,0.67,0.68,0.78,0.73,0.74,0.62,0.48,0.76,0.79,0.8,0.77,0.8,0.72,0.66,0.73,0.7,0
Northern College of Acupuncture,0.96,0.88,0.92,0.92,0.92,0.96,0.92,0.92,0.79,0.92,0.83,0.88,0.79,0.91,0.83,0.88,0.83,0.83,0.67,0.67,0.75,0.92,0.87,0.83,0.83,0.58,0.83,0.92,0.93,0.86,0.86,0.85,0.72,0.83,0.84,0
Northern Regional College,0.83,0.78,0.79,0.81,0.82,0.83,0.89,0.82,0.8,0.66,0.67,0.88,0.83,0.78,0.65,0.78,0.77,0.77,0.7,0.77,0.76,0.84,0.79,0.78,0.58,0.55,0.82,0.8,0.85,0.74,0.83,0.73,0.74,0.8,0.71,0
Norwich University of the Arts,0.87,0.84,0.76,0.78,0.84,0.81,0.83,0.71,0.75,0.76,0.78,0.87,0.75,0.79,0.55,0.75,0.68,0.7,0.76,0.7,0.65,0.76,0.77,0.75,0.58,0.6,0.72,0.81,0.83,0.75,0.8,0.66,0.72,0.7,0.7,0
Nottingham College,0.76,0.62,0.66,0.68,0.68,0.71,0.71,0.73,0.71,0.64,0.76,0.73,0.65,0.73,0.35,0.66,0.5,0.42,0.39,0.42,0.56,0.57,0.64,0.62,0.33,0.4,0.58,0.68,0.69,0.71,0.7,0.5,0.43,0.56,0.53,0
Nottingham Trent University,0.84,0.74,0.78,0.73,0.77,0.8,0.76,0.73,0.67,0.7,0.7,0.79,0.68,0.65,0.62,0.74,0.69,0.67,0.73,0.67,0.55,0.73,0.74,0.66,0.48,0.54,0.74,0.77,0.78,0.7,0.71,0.68,0.69,0.64,0.63,0
Oxford Brookes University,0.82,0.76,0.78,0.72,0.77,0.79,0.75,0.68,0.64,0.61,0.63,0.78,0.66,0.63,0.61,0.77,0.68,0.66,0.71,0.68,0.57,0.77,0.8,0.67,0.49,0.5,0.72,0.77,0.77,0.64,0.69,0.69,0.68,0.67,0.66,0
Pearson College Limited,0.74,0.71,0.73,0.66,0.69,0.74,0.74,0.61,0.5,0.65,0.57,0.74,0.59,0.55,0.49,0.77,0.65,0.7,0.57,0.65,0.44,0.8,0.74,0.59,0.36,0.38,0.62,0.71,0.72,0.58,0.63,0.64,0.64,0.62,0.57,0
Peter Symonds College,0.92,0.84,0.86,0.8,0.88,0.8,0.86,0.8,0.8,0.76,0.8,0.75,0.71,0.67,0.61,0.78,0.69,0.65,0.69,0.72,0.63,0.77,0.65,0.6,0.44,0.36,0.77,0.85,0.84,0.79,0.7,0.69,0.69,0.7,0.58,0
Petroc,0.85,0.82,0.76,0.7,0.69,0.8,0.74,0.78,0.78,0.75,0.77,0.74,0.74,0.65,0.51,0.82,0.64,0.54,0.66,0.6,0.48,0.58,0.7,0.74,0.49,0.47,0.66,0.78,0.75,0.77,0.71,0.66,0.6,0.53,0.64,0
Plumpton College,0.75,0.78,0.84,0.73,0.78,0.84,0.71,0.75,0.71,0.67,0.67,0.84,0.63,0.78,0.43,0.76,0.57,0.51,0.33,0.49,0.53,0.82,0.78,0.73,0.49,0.49,0.65,0.77,0.78,0.7,0.75,0.59,0.45,0.68,0.67,0
Plymouth College of Art,0.82,0.76,0.69,0.72,0.82,0.82,0.8,0.69,0.76,0.78,0.78,0.79,0.7,0.71,0.56,0.75,0.65,0.7,0.68,0.59,0.62,0.66,0.83,0.71,0.55,0.55,0.69,0.75,0.81,0.75,0.73,0.65,0.66,0.64,0.7,0
Point Blank Limited,0.92,0.9,0.84,0.8,0.85,0.86,0.84,0.83,0.77,0.66,0.8,0.83,0.8,0.79,0.76,0.71,0.71,0.72,0.61,0.57,0.57,0.65,0.83,0.75,0.56,0.49,0.8,0.87,0.85,0.77,0.81,0.73,0.63,0.62,0.72,0
Preston College,0.62,0.57,0.76,0.71,0.86,0.71,0.71,0.57,0.71,0.62,0.71,0.81,0.71,0.71,0.33,0.52,0.48,0.65,0.68,0.7,0.52,0.62,0.52,0.57,0.52,0.61,0.6,0.67,0.76,0.65,0.75,0.44,0.68,0.57,0.54,0
"Queen Margaret University, Edinburgh",0.9,0.85,0.82,0.8,0.8,0.86,0.73,0.74,0.68,0.64,0.76,0.85,0.77,0.74,0.66,0.75,0.74,0.71,0.79,0.78,0.67,0.86,0.82,0.75,0.53,0.58,0.79,0.84,0.8,0.71,0.79,0.71,0.76,0.77,0.7,0
Ravensbourne University London,0.74,0.7,0.58,0.6,0.68,0.71,0.68,0.63,0.64,0.58,0.72,0.69,0.64,0.6,0.37,0.69,0.52,0.54,0.6,0.57,0.5,0.69,0.61,0.53,0.38,0.48,0.54,0.65,0.69,0.64,0.64,0.53,0.57,0.6,0.51,0
Reaseheath College,0.89,0.82,0.78,0.75,0.72,0.81,0.63,0.78,0.74,0.72,0.73,0.78,0.7,0.71,0.5,0.8,0.62,0.55,0.67,0.65,0.64,0.77,0.76,0.73,0.49,0.51,0.74,0.81,0.72,0.74,0.73,0.64,0.61,0.7,0.66,0
Regent's University London Limited,0.84,0.76,0.74,0.72,0.8,0.8,0.78,0.7,0.67,0.65,0.73,0.82,0.76,0.64,0.69,0.71,0.72,0.72,0.73,0.75,0.66,0.82,0.82,0.72,0.61,0.57,0.78,0.76,0.79,0.69,0.74,0.71,0.73,0.74,0.72,0
"Richmond, the American International University in London, Inc.",0.82,0.75,0.84,0.75,0.81,0.81,0.69,0.76,0.75,0.74,0.78,0.82,0.72,0.69,0.71,0.63,0.71,0.63,0.73,0.76,0.58,0.76,0.76,0.72,0.52,0.47,0.79,0.79,0.77,0.76,0.75,0.68,0.71,0.67,0.67,0
Riverside College,0.88,0.88,0.8,0.67,0.75,0.76,0.84,0.8,0.88,0.84,0.82,0.9,0.8,0.7,0.76,0.84,0.82,0.66,0.53,0.65,0.73,0.86,0.84,0.82,0.7,0.48,0.78,0.8,0.78,0.84,0.8,0.81,0.61,0.79,0.79,0
RNN Group,0.91,0.83,0.81,0.86,0.91,0.9,0.88,0.86,0.88,0.78,0.81,0.87,0.78,0.77,0.74,0.87,0.81,0.66,0.72,0.7,0.75,0.79,0.74,0.81,0.59,0.38,0.81,0.85,0.9,0.83,0.81,0.81,0.7,0.78,0.72,0
Robert Gordon University,0.88,0.81,0.83,0.79,0.84,0.85,0.83,0.73,0.74,0.7,0.72,0.88,0.78,0.73,0.67,0.79,0.75,0.8,0.82,0.81,0.63,0.81,0.84,0.73,0.57,0.55,0.84,0.83,0.84,0.72,0.8,0.74,0.81,0.72,0.71,0
Roehampton University,0.81,0.74,0.77,0.72,0.76,0.78,0.72,0.7,0.64,0.69,0.68,0.74,0.7,0.65,0.64,0.78,0.71,0.71,0.78,0.75,0.58,0.73,0.76,0.67,0.55,0.53,0.71,0.76,0.75,0.68,0.69,0.71,0.75,0.65,0.66,0
Rose Bruford College of Theatre and Performance,0.91,0.9,0.84,0.88,0.84,0.89,0.91,0.62,0.7,0.55,0.8,0.88,0.78,0.76,0.55,0.61,0.58,0.67,0.79,0.75,0.77,0.89,0.77,0.66,0.54,0.5,0.79,0.88,0.88,0.67,0.81,0.58,0.74,0.83,0.66,0
Royal Academy of Dance,0.93,0.93,0.86,0.9,0.97,0.97,0.86,0.83,0.66,0.83,0.86,0.93,0.86,0.86,0.52,0.76,0.83,0.72,0.76,0.81,0.83,0.79,0.86,0.83,0.72,0.68,0.86,0.91,0.93,0.79,0.89,0.7,0.76,0.81,0.8,0
Royal Academy of Dramatic Art,0.95,0.93,0.85,0.9,0.85,0.83,0.98,0.73,0.78,0.46,0.83,0.85,0.85,0.9,0.44,0.65,0.46,0.49,0.68,0.76,0.9,0.98,0.78,0.73,0.44,0.36,0.88,0.91,0.89,0.7,0.87,0.51,0.65,0.94,0.65,0
Royal College of Music,0.9,0.92,0.83,0.83,0.82,0.75,0.87,0.87,0.8,0.73,0.87,0.97,0.85,0.83,0.8,0.88,0.81,0.8,0.95,0.87,0.78,0.82,0.8,0.75,0.51,0.64,0.85,0.87,0.81,0.82,0.88,0.83,0.87,0.8,0.69,0
Royal Conservatoire of Scotland,0.84,0.84,0.79,0.8,0.77,0.79,0.77,0.7,0.71,0.66,0.75,0.87,0.74,0.76,0.53,0.77,0.66,0.74,0.78,0.82,0.76,0.85,0.7,0.66,0.54,0.7,0.79,0.82,0.78,0.7,0.79,0.65,0.78,0.81,0.63,0
Royal Holloway and Bedford New College,0.85,0.79,0.84,0.75,0.8,0.81,0.71,0.68,0.67,0.66,0.68,0.82,0.7,0.66,0.67,0.77,0.7,0.7,0.75,0.73,0.6,0.75,0.81,0.69,0.5,0.56,0.77,0.81,0.78,0.67,0.73,0.71,0.73,0.67,0.67,0
Royal Northern College of Music,0.87,0.77,0.65,0.72,0.72,0.77,0.67,0.59,0.5,0.74,0.69,0.82,0.68,0.67,0.68,0.77,0.7,0.66,0.76,0.77,0.73,0.77,0.73,0.73,0.58,0.75,0.77,0.75,0.72,0.63,0.72,0.72,0.73,0.75,0.68,0
Royal Welsh College of Music and Drama,0.82,0.82,0.68,0.69,0.71,0.7,0.78,0.57,0.52,0.61,0.69,0.8,0.65,0.73,0.42,0.57,0.47,0.74,0.86,0.86,0.67,0.75,0.58,0.52,0.36,0.64,0.7,0.75,0.73,0.6,0.73,0.49,0.82,0.71,0.49,0
RTC Education Ltd,0.93,0.88,0.92,0.91,0.9,0.91,0.87,0.84,0.83,0.75,0.89,0.87,0.88,0.84,0.86,0.92,0.85,0.84,0.85,0.85,0.85,0.84,0.88,0.84,0.8,0.74,0.9,0.91,0.89,0.83,0.86,0.87,0.84,0.84,0.84,0
SAE Education Limited,0.89,0.87,0.83,0.8,0.82,0.81,0.81,0.8,0.77,0.69,0.83,0.84,0.8,0.79,0.7,0.88,0.81,0.75,0.68,0.63,0.67,0.83,0.84,0.75,0.65,0.56,0.75,0.85,0.82,0.77,0.81,0.8,0.68,0.75,0.75,0
School of Oriental and African Studies,0.85,0.8,0.89,0.73,0.85,0.85,0.66,0.66,0.68,0.52,0.67,0.76,0.61,0.58,0.54,0.78,0.63,0.65,0.76,0.7,0.56,0.6,0.8,0.69,0.48,0.63,0.75,0.82,0.78,0.63,0.65,0.65,0.7,0.58,0.66,0
"Sheffield College, The",0.91,0.89,0.8,0.87,0.89,0.9,0.83,0.84,0.89,0.67,0.8,0.84,0.84,0.85,0.59,0.79,0.75,0.68,0.6,0.7,0.78,0.76,0.87,0.86,0.68,0.63,0.78,0.87,0.87,0.8,0.84,0.71,0.66,0.77,0.81,0
Sheffield Hallam University,0.82,0.75,0.78,0.73,0.77,0.81,0.8,0.69,0.67,0.65,0.67,0.73,0.68,0.65,0.56,0.68,0.63,0.7,0.76,0.69,0.55,0.77,0.8,0.66,0.47,0.45,0.7,0.77,0.79,0.67,0.69,0.62,0.72,0.66,0.64,0
"Solent University, Southampton",0.85,0.79,0.77,0.75,0.77,0.81,0.77,0.74,0.7,0.64,0.76,0.8,0.76,0.72,0.59,0.75,0.69,0.7,0.71,0.69,0.61,0.81,0.8,0.73,0.54,0.47,0.72,0.79,0.78,0.71,0.76,0.67,0.69,0.71,0.69,0
Solihull College and University Centre,0.79,0.76,0.8,0.86,0.85,0.88,0.79,0.76,0.79,0.59,0.82,0.83,0.7,0.76,0.67,0.79,0.71,0.75,0.72,0.73,0.71,0.88,0.85,0.82,0.67,0.47,0.74,0.8,0.84,0.74,0.76,0.72,0.74,0.79,0.78,0
South & City College Birmingham,0.78,0.74,0.76,0.74,0.82,0.86,0.74,0.72,0.76,0.69,0.79,0.82,0.8,0.78,0.58,0.79,0.65,0.65,0.59,0.67,0.73,0.81,0.83,0.8,0.7,0.68,0.73,0.75,0.81,0.74,0.8,0.68,0.64,0.76,0.78,0
South Devon College,0.85,0.83,0.84,0.79,0.83,0.81,0.81,0.82,0.83,0.77,0.83,0.79,0.78,0.78,0.67,0.77,0.73,0.68,0.7,0.77,0.69,0.77,0.83,0.76,0.66,0.62,0.75,0.83,0.82,0.81,0.78,0.72,0.71,0.73,0.75,0
South Eastern Regional College,0.86,0.74,0.8,0.78,0.77,0.85,0.79,0.68,0.82,0.7,0.76,0.89,0.84,0.74,0.67,0.81,0.72,0.79,0.7,0.8,0.73,0.77,0.71,0.8,0.61,0.48,0.8,0.79,0.8,0.74,0.82,0.73,0.77,0.75,0.71,0
South Essex College of Further and Higher Education,0.87,0.88,0.82,0.82,0.84,0.83,0.8,0.8,0.8,0.78,0.85,0.88,0.78,0.8,0.6,0.81,0.71,0.52,0.55,0.53,0.72,0.81,0.79,0.78,0.6,0.57,0.73,0.84,0.83,0.81,0.82,0.71,0.54,0.77,0.72,0
South Gloucestershire and Stroud College,0.89,0.81,0.84,0.84,0.81,0.82,0.86,0.81,0.91,0.78,0.84,0.92,0.84,0.79,0.68,0.92,0.8,0.76,0.62,0.76,0.8,0.84,0.85,0.88,0.67,0.62,0.85,0.84,0.83,0.83,0.84,0.8,0.72,0.81,0.8,0
South Thames Colleges Group,0.77,0.77,0.81,0.75,0.77,0.82,0.79,0.6,0.58,0.67,0.82,0.88,0.77,0.58,0.51,0.79,0.58,0.49,0.42,0.47,0.44,0.68,0.7,0.77,0.5,0.4,0.68,0.78,0.8,0.67,0.75,0.63,0.46,0.55,0.67,0
South West College,0.83,0.76,0.77,0.8,0.79,0.83,0.84,0.8,0.8,0.68,0.71,0.82,0.72,0.75,0.66,0.83,0.67,0.66,0.63,0.68,0.57,0.75,0.75,0.77,0.59,0.5,0.79,0.79,0.82,0.75,0.77,0.72,0.65,0.66,0.7,0
Southampton City College,0.88,0.88,0.83,0.88,0.88,0.71,0.91,0.79,0.91,0.63,0.88,0.67,0.71,0.8,0.58,0.79,0.83,0.43,0.57,0.61,0.63,0.83,0.63,0.63,0.55,0.35,0.61,0.86,0.83,0.8,0.74,0.74,0.54,0.73,0.6,0
Southern Regional College,0.85,0.76,0.8,0.81,0.77,0.82,0.88,0.8,0.76,0.75,0.78,0.86,0.83,0.8,0.64,0.79,0.73,0.76,0.75,0.82,0.7,0.78,0.81,0.77,0.61,0.55,0.8,0.81,0.83,0.77,0.83,0.72,0.77,0.74,0.72,0
Southport College,0.85,0.85,0.79,0.79,0.77,0.82,0.74,0.69,0.74,0.62,0.69,0.82,0.77,0.81,0.59,0.77,0.67,0.68,0.61,0.71,0.59,0.67,0.77,0.72,0.62,0.58,0.66,0.82,0.78,0.68,0.79,0.68,0.67,0.63,0.7,0
Sparsholt College,0.94,0.82,0.82,0.79,0.82,0.88,0.84,0.78,0.76,0.71,0.87,0.87,0.76,0.74,0.65,0.85,0.68,0.63,0.76,0.69,0.6,0.82,0.85,0.85,0.54,0.56,0.76,0.85,0.85,0.78,0.79,0.73,0.7,0.71,0.75,0
SRUC,0.86,0.71,0.77,0.7,0.74,0.86,0.67,0.66,0.75,0.56,0.75,0.86,0.75,0.69,0.6,0.75,0.71,0.65,0.63,0.69,0.62,0.71,0.81,0.75,0.49,0.53,0.76,0.76,0.75,0.68,0.76,0.69,0.65,0.66,0.69,0
St Helens College,0.93,0.89,0.86,0.91,0.91,0.8,0.86,0.89,0.86,0.77,0.93,0.95,0.89,0.91,0.7,0.86,0.89,0.54,0.62,0.75,0.82,0.89,0.88,0.91,0.66,0.59,0.88,0.9,0.86,0.86,0.92,0.82,0.65,0.86,0.82,0
St Mary's University College,0.82,0.77,0.84,0.84,0.88,0.9,0.87,0.65,0.61,0.49,0.62,0.83,0.7,0.65,0.67,0.84,0.64,0.82,0.81,0.79,0.7,0.89,0.78,0.62,0.45,0.76,0.77,0.82,0.88,0.59,0.73,0.72,0.8,0.8,0.62,0
"St Mary's University, Twickenham",0.89,0.83,0.84,0.83,0.83,0.86,0.84,0.75,0.72,0.74,0.73,0.83,0.78,0.75,0.75,0.84,0.76,0.79,0.83,0.78,0.73,0.84,0.87,0.79,0.61,0.64,0.81,0.85,0.84,0.74,0.79,0.78,0.8,0.79,0.75,0
St Mellitus College Trust,0.97,0.95,0.95,0.87,0.94,0.91,0.94,0.79,0.8,0.74,0.71,0.9,0.87,0.79,0.91,0.9,0.92,0.85,0.68,0.74,0.89,0.82,0.91,0.86,0.75,0.66,0.92,0.93,0.93,0.76,0.85,0.91,0.76,0.85,0.84,0
St. George's Hospital Medical School,0.76,0.74,0.87,0.7,0.7,0.76,0.79,0.49,0.44,0.49,0.52,0.7,0.52,0.52,0.38,0.62,0.46,0.66,0.76,0.7,0.52,0.78,0.71,0.45,0.37,0.49,0.61,0.77,0.75,0.49,0.58,0.49,0.7,0.65,0.51,0
St. Patrick's International College Limited,0.87,0.87,0.82,0.87,0.9,0.94,0.91,0.76,0.81,0.67,0.73,0.68,0.77,0.76,0.76,0.84,0.81,0.75,0.62,0.68,0.73,0.71,0.75,0.78,0.63,0.63,0.79,0.85,0.92,0.74,0.73,0.8,0.69,0.72,0.72,0
Staffordshire University,0.85,0.82,0.8,0.8,0.8,0.82,0.83,0.76,0.77,0.75,0.76,0.81,0.76,0.75,0.62,0.76,0.68,0.72,0.73,0.74,0.64,0.8,0.82,0.73,0.58,0.58,0.76,0.82,0.82,0.76,0.77,0.68,0.73,0.72,0.71,0
Stranmillis University College,0.82,0.76,0.76,0.71,0.8,0.83,0.89,0.71,0.53,0.63,0.61,0.77,0.69,0.64,0.57,0.75,0.61,0.73,0.88,0.8,0.6,0.87,0.82,0.64,0.54,0.65,0.76,0.76,0.84,0.62,0.7,0.65,0.8,0.73,0.67,0
Strode College,0.97,0.97,0.85,0.88,0.91,0.94,0.82,0.88,1,0.76,0.88,1,0.94,0.88,0.88,0.91,0.91,0.67,0.64,0.82,0.91,0.94,0.91,0.97,0.79,0.63,0.94,0.92,0.89,0.88,0.94,0.9,0.7,0.91,0.89,0
Swansea University,0.88,0.8,0.86,0.8,0.81,0.82,0.8,0.7,0.72,0.68,0.71,0.83,0.75,0.69,0.68,0.79,0.73,0.74,0.73,0.75,0.61,0.78,0.87,0.73,0.56,0.55,0.83,0.84,0.81,0.7,0.76,0.73,0.74,0.69,0.72,0
Tameside College,0.75,0.67,0.67,0.83,0.67,0.58,0.75,0.58,0.58,0.58,0.58,0.75,0.67,0.58,0.58,0.75,0.75,0.42,0.17,0.09,0.73,0.73,0.67,0.73,0.45,0.43,0.82,0.73,0.67,0.58,0.67,0.69,0.22,0.67,0.64,0
TEC Partnership,0.88,0.83,0.85,0.85,0.87,0.86,0.83,0.8,0.78,0.78,0.85,0.81,0.8,0.79,0.65,0.8,0.71,0.73,0.74,0.76,0.72,0.82,0.85,0.76,0.65,0.59,0.78,0.85,0.85,0.8,0.8,0.72,0.74,0.77,0.75,0
Teesside University,0.8,0.75,0.76,0.76,0.75,0.78,0.78,0.74,0.73,0.71,0.73,0.68,0.64,0.65,0.49,0.66,0.58,0.68,0.7,0.67,0.6,0.77,0.78,0.66,0.48,0.54,0.68,0.77,0.77,0.73,0.65,0.57,0.68,0.68,0.64,0
Telford College,0.92,0.83,0.67,0.75,0.67,0.67,0.67,0.67,0.92,0.83,0.83,0.92,0.75,0.75,0.75,0.82,0.75,0.3,0.2,0.73,0.45,0.58,0.82,0.82,0.5,0.27,0.58,0.79,0.67,0.81,0.81,0.76,0.43,0.54,0.71,0
The Cambridge Theological Federation,0.96,1,0.92,0.92,0.96,0.92,1,0.88,0.84,0.8,0.88,0.92,0.8,0.83,0.84,0.84,0.92,0.88,0.8,0.84,0.8,0.84,0.96,0.92,0.64,0.67,0.96,0.95,0.96,0.85,0.85,0.87,0.84,0.82,0.84,0
The Chicken Shed Theatre Trust,0.97,0.86,0.76,0.79,0.83,0.93,0.9,0.86,0.86,0.72,0.76,0.9,0.9,0.86,0.66,0.86,0.83,0.71,0.63,0.81,0.83,0.97,0.79,0.76,0.59,0.76,0.76,0.84,0.89,0.79,0.89,0.78,0.72,0.9,0.71,0
The City of Liverpool College,0.96,0.93,0.93,0.89,0.96,0.93,0.93,1,1,0.96,0.96,0.93,0.96,0.89,0.89,0.96,0.96,0.89,0.92,0.86,0.85,0.85,0.96,0.93,0.96,0.92,0.96,0.93,0.94,0.98,0.93,0.94,0.89,0.85,0.95,0
The College of Integrated Chinese Medicine,0.9,1,1,0.9,0.86,0.9,0.95,0.86,0.76,0.67,0.81,0.95,0.86,0.78,0.86,0.9,0.9,0.58,0.52,0.62,1,0.95,0.9,0.9,0.76,0.65,0.9,0.95,0.9,0.77,0.87,0.89,0.58,0.98,0.86,0
The Conservatoire for Dance and Drama,0.93,0.87,0.82,0.84,0.82,0.82,0.82,0.64,0.69,0.7,0.77,0.93,0.84,0.78,0.64,0.68,0.66,0.72,0.72,0.76,0.8,0.85,0.85,0.79,0.69,0.7,0.77,0.86,0.82,0.7,0.85,0.66,0.73,0.83,0.78,0
The Edward James Foundation Limited,1,0.95,0.95,0.95,0.91,0.95,0.95,0.86,0.86,0.95,0.86,0.91,0.86,0.91,0.95,0.77,0.91,0.82,0.57,0.82,0.91,0.95,0.95,0.82,0.73,0.61,0.86,0.97,0.94,0.89,0.89,0.88,0.73,0.93,0.83,0
The Film Education Training Trust Limited,0.86,0.89,0.69,0.72,0.64,0.76,0.75,0.44,0.61,0.17,0.58,0.56,0.58,0.63,0.44,0.67,0.64,0.63,0.53,0.58,0.75,0.81,0.69,0.78,0.33,0.47,0.58,0.79,0.72,0.45,0.59,0.58,0.58,0.78,0.6,0
The Kingham Hill Trust,1,1,1,1,0.94,0.97,0.88,0.94,1,0.94,1,1,0.97,1,0.97,0.97,0.97,0.97,1,0.97,0.94,0.94,1,1,1,0.9,1,1,0.93,0.97,0.99,0.97,0.98,0.94,1,0
The Liverpool Institute for Performing Arts,0.87,0.84,0.74,0.77,0.78,0.83,0.82,0.65,0.7,0.58,0.77,0.91,0.76,0.77,0.51,0.69,0.55,0.59,0.72,0.65,0.76,0.78,0.7,0.69,0.43,0.49,0.75,0.81,0.81,0.67,0.81,0.58,0.66,0.77,0.61,0
The London Institute of Banking & Finance,0.79,0.75,0.76,0.74,0.84,0.84,0.68,0.59,0.51,0.63,0.6,0.85,0.76,0.72,0.6,0.84,0.84,0.76,0.78,0.84,0.56,0.71,0.82,0.69,0.63,0.48,0.72,0.76,0.79,0.58,0.78,0.76,0.79,0.64,0.71,0
The Markfield Institute of Higher Education,0.96,0.96,0.96,0.96,0.96,0.96,0.88,0.84,0.84,0.84,0.92,0.88,0.84,0.8,0.88,0.96,0.88,0.8,0.88,0.76,0.8,0.88,0.96,0.92,0.88,0.8,0.96,0.96,0.93,0.86,0.84,0.91,0.81,0.84,0.92,0
The Metanoia Institute,0.81,0.84,0.9,0.88,0.81,0.72,0.94,0.72,0.72,0.75,0.84,0.59,0.47,0.45,0.41,0.88,0.56,0.29,0.41,0.38,0.74,0.84,0.75,0.53,0.38,0.25,0.81,0.86,0.82,0.76,0.49,0.61,0.34,0.8,0.55,0
The Northern School of Art,0.85,0.86,0.81,0.82,0.89,0.85,0.88,0.8,0.7,0.68,0.79,0.83,0.79,0.83,0.58,0.77,0.68,0.77,0.83,0.71,0.68,0.75,0.79,0.72,0.63,0.49,0.78,0.84,0.87,0.74,0.82,0.67,0.77,0.72,0.71,0
The Oldham College,0.89,0.83,0.84,0.85,0.85,0.88,0.83,0.85,0.78,0.86,0.9,0.87,0.84,0.85,0.79,0.93,0.83,0.78,0.74,0.75,0.78,0.82,0.84,0.83,0.72,0.68,0.83,0.85,0.85,0.85,0.85,0.85,0.75,0.8,0.8,0
The Open University,0.86,0.81,0.91,0.85,0.87,0.83,0.79,0.81,0.83,0.87,0.89,0.87,0.8,0.74,0.84,0.8,0.84,0.84,0.84,0.86,0.51,0.56,0.7,0.63,0.39,0.43,0.88,0.86,0.83,0.85,0.81,0.83,0.85,0.54,0.58,0
The Royal Academy of Music,0.91,0.89,0.79,0.84,0.84,0.71,0.85,0.58,0.7,0.71,0.84,0.87,0.8,0.78,0.6,0.75,0.75,0.67,0.88,0.81,0.74,0.84,0.63,0.64,0.41,0.78,0.87,0.86,0.8,0.71,0.82,0.7,0.79,0.79,0.56,0
The Royal Agricultural University,0.81,0.81,0.78,0.72,0.74,0.82,0.75,0.66,0.65,0.57,0.62,0.75,0.69,0.69,0.65,0.74,0.66,0.69,0.61,0.7,0.68,0.78,0.74,0.69,0.51,0.63,0.72,0.78,0.77,0.62,0.71,0.68,0.67,0.73,0.65,0
The Royal Central School of Speech and Drama,0.74,0.81,0.76,0.64,0.75,0.73,0.73,0.4,0.61,0.52,0.66,0.8,0.6,0.58,0.37,0.58,0.43,0.58,0.6,0.48,0.55,0.74,0.66,0.55,0.38,0.53,0.6,0.74,0.74,0.55,0.66,0.46,0.55,0.65,0.53,0
The Royal Veterinary College,0.89,0.85,0.94,0.79,0.79,0.89,0.83,0.61,0.66,0.62,0.62,0.81,0.65,0.62,0.53,0.69,0.48,0.73,0.78,0.75,0.64,0.87,0.86,0.52,0.45,0.72,0.73,0.87,0.84,0.63,0.7,0.57,0.75,0.75,0.61,0
The Salvation Army,0.87,0.73,0.8,0.6,0.93,0.93,0.8,0.73,0.87,0.8,0.87,0.93,0.93,0.92,0.6,0.73,0.93,0.73,0.8,0.79,0.87,0.8,0.73,0.73,0.53,0.71,0.73,0.75,0.89,0.82,0.93,0.76,0.78,0.83,0.67,0
The Sherwood Psychotherapy Training Institute Limited,0.85,0.85,0.89,0.81,0.7,0.85,0.85,0.85,0.74,0.74,0.89,0.89,0.74,0.67,0.7,0.81,0.63,0.56,0.54,0.55,0.59,0.78,0.78,0.59,0.37,0.3,0.7,0.85,0.8,0.81,0.77,0.72,0.53,0.69,0.58,0
The SMB Group,0.87,0.9,0.83,0.8,0.8,0.87,0.8,0.77,0.83,0.57,0.87,0.73,0.8,0.79,0.73,0.9,0.87,0.72,0.77,0.73,0.8,0.87,0.87,0.83,0.6,0.72,0.77,0.85,0.82,0.76,0.78,0.83,0.74,0.83,0.77,0
The Trafford College Group,0.88,0.88,0.82,0.82,0.91,0.88,0.85,0.85,0.76,0.85,0.88,0.76,0.79,0.76,0.52,0.85,0.55,0.69,0.58,0.72,0.73,0.78,0.76,0.76,0.58,0.58,0.67,0.85,0.88,0.83,0.77,0.64,0.67,0.74,0.7,0
The University of Bath,0.9,0.8,0.89,0.81,0.83,0.85,0.78,0.63,0.67,0.56,0.57,0.89,0.77,0.71,0.79,0.83,0.82,0.8,0.86,0.85,0.64,0.83,0.87,0.72,0.57,0.64,0.86,0.85,0.82,0.61,0.79,0.81,0.83,0.73,0.72,0
The University of Bolton,0.86,0.83,0.83,0.83,0.83,0.86,0.84,0.8,0.77,0.71,0.77,0.79,0.78,0.76,0.63,0.79,0.73,0.74,0.78,0.77,0.7,0.83,0.82,0.75,0.61,0.6,0.78,0.84,0.84,0.76,0.78,0.72,0.76,0.76,0.73,0
The University of Bradford,0.81,0.75,0.81,0.8,0.78,0.82,0.8,0.71,0.69,0.67,0.72,0.76,0.71,0.66,0.6,0.73,0.66,0.73,0.76,0.75,0.66,0.82,0.8,0.69,0.57,0.61,0.75,0.79,0.8,0.69,0.71,0.66,0.75,0.74,0.69,0
The University of Buckingham,0.87,0.82,0.85,0.81,0.81,0.83,0.79,0.7,0.77,0.69,0.73,0.88,0.78,0.72,0.74,0.77,0.76,0.7,0.69,0.76,0.63,0.76,0.83,0.75,0.61,0.53,0.82,0.84,0.81,0.72,0.79,0.76,0.71,0.69,0.73,0
The University of Chichester,0.89,0.89,0.82,0.83,0.83,0.83,0.82,0.71,0.72,0.75,0.8,0.87,0.79,0.77,0.67,0.8,0.67,0.78,0.81,0.79,0.78,0.84,0.84,0.76,0.61,0.61,0.82,0.86,0.83,0.74,0.81,0.71,0.79,0.81,0.73,0
The University of Cumbria,0.79,0.78,0.75,0.73,0.76,0.81,0.79,0.67,0.66,0.7,0.72,0.74,0.69,0.68,0.52,0.72,0.6,0.7,0.77,0.74,0.62,0.78,0.76,0.67,0.51,0.5,0.7,0.77,0.79,0.69,0.7,0.61,0.73,0.7,0.65,0
The University of East Anglia,0.87,0.81,0.84,0.75,0.8,0.84,0.74,0.68,0.69,0.57,0.67,0.82,0.69,0.66,0.65,0.76,0.68,0.73,0.84,0.8,0.6,0.75,0.78,0.69,0.48,0.57,0.77,0.82,0.79,0.65,0.73,0.7,0.79,0.68,0.65,0
The University of Essex,0.8,0.7,0.78,0.71,0.74,0.77,0.7,0.67,0.66,0.61,0.63,0.8,0.67,0.63,0.63,0.75,0.7,0.71,0.72,0.72,0.55,0.67,0.78,0.66,0.48,0.6,0.72,0.75,0.74,0.64,0.7,0.69,0.72,0.61,0.64,0
The University of Huddersfield,0.78,0.71,0.74,0.74,0.75,0.78,0.77,0.68,0.66,0.71,0.72,0.74,0.66,0.65,0.54,0.66,0.62,0.68,0.75,0.68,0.56,0.72,0.73,0.64,0.5,0.56,0.68,0.74,0.76,0.69,0.68,0.61,0.71,0.63,0.62,0
The University of Hull,0.86,0.79,0.8,0.76,0.79,0.81,0.78,0.76,0.74,0.67,0.73,0.82,0.73,0.69,0.66,0.75,0.72,0.74,0.78,0.77,0.6,0.76,0.84,0.74,0.58,0.53,0.77,0.8,0.79,0.72,0.75,0.71,0.76,0.68,0.72,0
The University of Kent,0.85,0.77,0.83,0.74,0.79,0.82,0.74,0.68,0.69,0.63,0.67,0.84,0.71,0.66,0.7,0.81,0.77,0.76,0.77,0.77,0.53,0.71,0.81,0.7,0.47,0.48,0.76,0.8,0.79,0.67,0.74,0.76,0.77,0.62,0.66,0
The University of Lancaster,0.88,0.8,0.88,0.8,0.83,0.84,0.77,0.69,0.67,0.61,0.68,0.87,0.74,0.71,0.74,0.8,0.73,0.79,0.83,0.83,0.61,0.81,0.86,0.69,0.51,0.38,0.83,0.84,0.81,0.66,0.77,0.75,0.82,0.71,0.69,0
The University of Law Limited,0.92,0.82,0.89,0.82,0.8,0.86,0.85,0.81,0.8,0.7,0.72,0.83,0.73,0.7,0.76,0.74,0.75,0.76,0.85,0.84,0.58,0.7,0.81,0.75,0.62,0.57,0.85,0.86,0.84,0.76,0.75,0.75,0.82,0.64,0.73,0
The University of Leicester,0.84,0.75,0.82,0.74,0.77,0.8,0.74,0.71,0.69,0.63,0.65,0.86,0.72,0.67,0.69,0.77,0.74,0.74,0.78,0.79,0.56,0.75,0.82,0.7,0.53,0.53,0.76,0.79,0.77,0.67,0.75,0.73,0.77,0.66,0.68,0
The University of Reading,0.84,0.76,0.81,0.73,0.78,0.8,0.73,0.64,0.65,0.6,0.64,0.82,0.68,0.64,0.64,0.73,0.68,0.68,0.73,0.72,0.56,0.78,0.82,0.65,0.44,0.56,0.75,0.78,0.77,0.63,0.71,0.68,0.71,0.67,0.64,0
The University of Surrey,0.88,0.8,0.85,0.78,0.8,0.83,0.78,0.67,0.67,0.71,0.64,0.88,0.77,0.7,0.72,0.8,0.78,0.82,0.83,0.85,0.62,0.82,0.84,0.71,0.57,0.66,0.8,0.83,0.8,0.67,0.78,0.77,0.83,0.72,0.71,0
The University of West London,0.87,0.82,0.82,0.82,0.82,0.85,0.81,0.77,0.75,0.78,0.79,0.83,0.79,0.75,0.68,0.77,0.74,0.78,0.82,0.77,0.68,0.78,0.83,0.77,0.67,0.69,0.78,0.83,0.83,0.77,0.79,0.73,0.78,0.73,0.76,0
The University of Westminster,0.79,0.71,0.75,0.72,0.74,0.8,0.73,0.69,0.62,0.61,0.67,0.75,0.68,0.62,0.62,0.75,0.73,0.67,0.71,0.68,0.53,0.73,0.75,0.65,0.5,0.52,0.71,0.74,0.75,0.65,0.68,0.7,0.69,0.63,0.64,0
The Windsor Forest Colleges Group,0.95,0.89,0.95,0.95,0.84,0.95,0.84,0.89,0.89,0.79,0.84,0.95,0.89,0.84,0.84,0.84,0.84,0.78,0.67,0.65,0.79,0.95,0.83,0.89,0.78,0.47,0.89,0.93,0.88,0.86,0.89,0.84,0.72,0.87,0.82,0
The WKCIC Group,0.75,0.79,0.75,0.86,0.86,0.82,0.89,0.61,0.61,0.68,0.75,0.79,0.75,0.64,0.48,0.75,0.43,0.52,0.46,0.48,0.52,0.78,0.57,0.68,0.54,0.38,0.54,0.79,0.86,0.66,0.73,0.55,0.5,0.64,0.6,0
Trinity College (Bristol) Limited,1,0.91,1,0.83,0.96,0.96,0.7,0.87,0.83,0.86,0.7,1,1,1,1,0.83,0.83,0.82,0.96,0.95,0.91,0.82,0.91,0.91,0.65,0.86,0.96,0.93,0.87,0.81,1,0.88,0.91,0.87,0.83,0
Trinity Laban Conservatoire of Music and Dance,0.86,0.91,0.79,0.73,0.8,0.76,0.75,0.62,0.65,0.67,0.75,0.81,0.73,0.7,0.45,0.63,0.43,0.76,0.86,0.78,0.7,0.82,0.67,0.58,0.43,0.5,0.71,0.82,0.77,0.67,0.75,0.5,0.8,0.76,0.56,0
Truro and Penwith College,0.93,0.86,0.81,0.84,0.8,0.86,0.74,0.75,0.8,0.76,0.82,0.85,0.81,0.78,0.71,0.79,0.73,0.68,0.64,0.66,0.75,0.73,0.72,0.78,0.63,0.57,0.8,0.86,0.8,0.78,0.82,0.75,0.66,0.74,0.71,0
Tyne Coast College,0.78,0.76,0.78,0.72,0.72,0.78,0.83,0.61,0.87,0.48,0.69,0.81,0.69,0.7,0.3,0.65,0.41,0.75,0.79,0.78,0.63,0.92,0.67,0.69,0.49,0.48,0.69,0.76,0.78,0.66,0.73,0.45,0.78,0.77,0.61,0
UCK Limited,0.94,0.92,0.93,0.92,0.92,0.91,0.84,0.88,0.88,0.85,0.85,0.92,0.91,0.94,0.9,0.93,0.91,0.9,0.89,0.91,0.88,0.92,0.92,0.92,0.92,0.79,0.91,0.93,0.89,0.86,0.92,0.91,0.9,0.9,0.91,0
United Colleges Group,0.97,0.79,0.76,0.76,0.83,0.93,0.86,0.93,0.93,0.79,0.93,0.9,0.97,0.9,0.83,0.9,0.83,0.86,0.79,0.79,0.86,0.93,0.93,0.93,0.76,0.82,0.86,0.82,0.87,0.9,0.92,0.85,0.82,0.9,0.87,0
University Centre Peterborough,0.87,0.91,0.78,0.87,0.8,0.82,0.84,0.82,0.84,0.67,0.76,0.84,0.8,0.75,0.71,0.87,0.8,0.73,0.52,0.75,0.81,0.89,0.8,0.82,0.69,0.67,0.8,0.86,0.82,0.77,0.8,0.79,0.67,0.85,0.77,0
University Centre Quayside Limited,0.9,0.9,1,0.8,0.9,0.9,0.7,0.9,0.8,0.9,0.8,1,0.9,0.9,0.7,0.8,0.7,0.7,0.4,0.7,0.7,1,1,0.8,0.5,0.8,1,0.9,0.83,0.85,0.93,0.73,0.6,0.85,0.77,0
University College Birmingham,0.86,0.77,0.76,0.76,0.77,0.8,0.74,0.76,0.7,0.76,0.78,0.79,0.73,0.73,0.68,0.73,0.74,0.74,0.76,0.73,0.62,0.69,0.77,0.75,0.63,0.61,0.75,0.79,0.77,0.75,0.75,0.72,0.74,0.66,0.72,0
University College of Estate Management,0.79,0.69,0.81,0.74,0.79,0.8,0.74,0.74,0.62,0.75,0.63,0.82,0.67,0.64,0.73,0.62,0.77,0.83,0.78,0.78,0.31,0.31,0.83,0.57,0.42,0.39,0.75,0.76,0.78,0.68,0.71,0.71,0.79,0.31,0.61,0
University College of Osteopathy (The),0.96,0.91,0.94,0.81,0.79,0.81,0.85,0.55,0.68,0.74,0.7,0.83,0.68,0.63,0.3,0.81,0.36,0.72,0.79,0.75,0.74,0.77,0.85,0.64,0.58,0.54,0.68,0.91,0.82,0.67,0.72,0.49,0.75,0.75,0.69,0
University for the Creative Arts,0.83,0.78,0.73,0.74,0.77,0.79,0.79,0.73,0.75,0.75,0.79,0.79,0.75,0.71,0.52,0.7,0.65,0.64,0.7,0.59,0.64,0.72,0.76,0.72,0.58,0.5,0.67,0.77,0.79,0.75,0.75,0.62,0.64,0.68,0.69,0
University of Aberdeen,0.89,0.84,0.87,0.79,0.83,0.86,0.76,0.67,0.71,0.57,0.66,0.88,0.77,0.69,0.72,0.82,0.77,0.79,0.8,0.81,0.64,0.8,0.9,0.7,0.52,0.56,0.85,0.85,0.81,0.65,0.78,0.77,0.8,0.72,0.71,0
University of Bedfordshire,0.81,0.76,0.78,0.78,0.78,0.82,0.82,0.7,0.66,0.67,0.7,0.74,0.68,0.66,0.55,0.72,0.63,0.7,0.79,0.75,0.63,0.77,0.71,0.65,0.52,0.55,0.68,0.78,0.81,0.68,0.69,0.63,0.75,0.7,0.63,0
University of Brighton,0.78,0.73,0.73,0.67,0.72,0.77,0.71,0.62,0.63,0.6,0.68,0.75,0.64,0.63,0.48,0.64,0.58,0.58,0.65,0.59,0.51,0.67,0.73,0.64,0.43,0.49,0.63,0.73,0.73,0.63,0.67,0.57,0.61,0.59,0.6,0
University of Central Lancashire,0.8,0.74,0.76,0.74,0.75,0.78,0.75,0.7,0.68,0.72,0.73,0.75,0.67,0.67,0.55,0.72,0.63,0.68,0.76,0.72,0.59,0.73,0.75,0.67,0.52,0.58,0.69,0.76,0.76,0.71,0.69,0.63,0.72,0.66,0.65,0
University of Chester,0.84,0.77,0.79,0.74,0.79,0.79,0.77,0.72,0.69,0.77,0.73,0.78,0.7,0.71,0.59,0.7,0.62,0.66,0.69,0.68,0.58,0.72,0.81,0.72,0.53,0.57,0.73,0.79,0.78,0.73,0.73,0.64,0.68,0.65,0.69,0
University of Derby,0.86,0.81,0.8,0.79,0.81,0.83,0.8,0.76,0.71,0.77,0.76,0.79,0.74,0.72,0.64,0.75,0.71,0.75,0.77,0.75,0.61,0.78,0.84,0.74,0.58,0.55,0.78,0.82,0.81,0.75,0.75,0.7,0.75,0.69,0.72,0
University of Dundee,0.86,0.81,0.84,0.79,0.8,0.81,0.79,0.67,0.65,0.57,0.67,0.83,0.71,0.66,0.6,0.76,0.66,0.73,0.8,0.78,0.62,0.78,0.82,0.68,0.47,0.52,0.79,0.82,0.8,0.64,0.74,0.67,0.77,0.7,0.65,0
University of East London,0.81,0.76,0.79,0.76,0.79,0.8,0.77,0.74,0.7,0.66,0.73,0.77,0.72,0.68,0.59,0.77,0.69,0.7,0.74,0.72,0.62,0.77,0.79,0.69,0.58,0.54,0.72,0.78,0.78,0.71,0.72,0.68,0.72,0.7,0.69,0
University of Gloucestershire,0.83,0.8,0.77,0.74,0.78,0.8,0.79,0.68,0.66,0.79,0.73,0.79,0.73,0.72,0.62,0.75,0.66,0.73,0.77,0.73,0.63,0.77,0.79,0.71,0.52,0.5,0.75,0.79,0.79,0.71,0.75,0.68,0.74,0.7,0.68,0
University of Greenwich,0.84,0.75,0.77,0.76,0.78,0.82,0.77,0.72,0.68,0.69,0.72,0.81,0.72,0.69,0.6,0.72,0.69,0.74,0.8,0.76,0.6,0.78,0.8,0.69,0.55,0.59,0.73,0.78,0.79,0.7,0.74,0.67,0.76,0.69,0.68,0
University of Hertfordshire,0.84,0.74,0.78,0.77,0.78,0.81,0.78,0.71,0.67,0.68,0.71,0.81,0.73,0.69,0.63,0.74,0.73,0.72,0.77,0.75,0.6,0.78,0.82,0.72,0.56,0.52,0.75,0.78,0.79,0.69,0.75,0.7,0.75,0.69,0.7,0
University of Keele,0.87,0.79,0.84,0.77,0.81,0.82,0.78,0.67,0.67,0.68,0.69,0.83,0.73,0.66,0.68,0.76,0.71,0.77,0.8,0.77,0.59,0.79,0.86,0.69,0.55,0.63,0.81,0.82,0.8,0.67,0.74,0.71,0.78,0.69,0.7,0
University of Lincoln,0.85,0.79,0.82,0.77,0.81,0.83,0.77,0.72,0.71,0.68,0.71,0.81,0.73,0.71,0.65,0.75,0.7,0.74,0.83,0.78,0.63,0.79,0.81,0.7,0.51,0.52,0.78,0.81,0.8,0.7,0.75,0.7,0.78,0.71,0.67,0
"University of Northampton, The",0.78,0.72,0.77,0.74,0.75,0.8,0.75,0.68,0.66,0.7,0.7,0.73,0.69,0.65,0.58,0.71,0.65,0.62,0.75,0.69,0.54,0.73,0.71,0.65,0.5,0.46,0.68,0.75,0.77,0.68,0.69,0.64,0.69,0.63,0.62,0
University of Northumbria at Newcastle,0.82,0.72,0.75,0.71,0.76,0.77,0.74,0.68,0.65,0.69,0.68,0.76,0.66,0.65,0.53,0.64,0.63,0.66,0.75,0.68,0.51,0.74,0.77,0.64,0.46,0.51,0.69,0.75,0.76,0.67,0.69,0.6,0.69,0.63,0.63,0
University of Plymouth,0.86,0.79,0.82,0.75,0.8,0.81,0.78,0.73,0.69,0.7,0.7,0.82,0.74,0.71,0.63,0.77,0.7,0.72,0.75,0.72,0.61,0.8,0.83,0.68,0.5,0.61,0.75,0.8,0.8,0.7,0.75,0.7,0.73,0.7,0.67,0
University of Portsmouth,0.82,0.73,0.77,0.72,0.75,0.78,0.75,0.68,0.68,0.65,0.68,0.81,0.7,0.67,0.56,0.69,0.65,0.72,0.78,0.74,0.53,0.71,0.83,0.67,0.49,0.5,0.71,0.76,0.76,0.67,0.73,0.63,0.74,0.62,0.66,0
"University of Salford, The",0.79,0.72,0.74,0.75,0.74,0.78,0.74,0.7,0.67,0.71,0.69,0.74,0.66,0.66,0.56,0.73,0.63,0.7,0.76,0.69,0.57,0.74,0.72,0.63,0.45,0.53,0.69,0.75,0.75,0.69,0.69,0.64,0.72,0.65,0.6,0
University of South Wales,0.84,0.79,0.77,0.77,0.77,0.81,0.8,0.74,0.72,0.72,0.73,0.79,0.73,0.73,0.6,0.77,0.69,0.68,0.71,0.72,0.64,0.77,0.78,0.72,0.58,0.5,0.73,0.79,0.79,0.73,0.75,0.68,0.7,0.7,0.69,0
University of St Andrews,0.95,0.93,0.95,0.87,0.92,0.89,0.83,0.8,0.82,0.73,0.82,0.95,0.85,0.79,0.85,0.89,0.85,0.83,0.82,0.86,0.79,0.85,0.91,0.82,0.61,0.69,0.93,0.93,0.88,0.79,0.86,0.86,0.84,0.82,0.78,0
University of St Mark & St John,0.86,0.85,0.82,0.79,0.82,0.84,0.82,0.74,0.76,0.73,0.8,0.84,0.8,0.78,0.66,0.77,0.75,0.75,0.67,0.75,0.77,0.83,0.85,0.78,0.68,0.64,0.76,0.83,0.82,0.76,0.81,0.72,0.72,0.8,0.77,0
University of Stirling,0.88,0.83,0.85,0.79,0.85,0.84,0.78,0.76,0.71,0.65,0.72,0.85,0.73,0.65,0.65,0.8,0.72,0.76,0.8,0.78,0.6,0.82,0.86,0.69,0.49,0.54,0.81,0.84,0.83,0.71,0.75,0.72,0.78,0.71,0.68,0
University of Strathclyde,0.9,0.84,0.89,0.82,0.83,0.85,0.77,0.7,0.7,0.55,0.65,0.89,0.76,0.67,0.69,0.83,0.78,0.81,0.79,0.82,0.61,0.87,0.87,0.72,0.53,0.65,0.85,0.86,0.82,0.65,0.78,0.77,0.81,0.74,0.71,0
University of Suffolk,0.83,0.81,0.82,0.75,0.76,0.82,0.78,0.75,0.7,0.72,0.74,0.79,0.71,0.7,0.61,0.77,0.68,0.72,0.75,0.7,0.57,0.69,0.75,0.65,0.52,0.55,0.73,0.8,0.79,0.73,0.73,0.68,0.72,0.63,0.64,0
University of Sunderland,0.85,0.8,0.82,0.81,0.82,0.86,0.82,0.75,0.75,0.7,0.77,0.81,0.78,0.76,0.65,0.77,0.72,0.74,0.79,0.78,0.68,0.81,0.8,0.77,0.64,0.62,0.78,0.82,0.83,0.74,0.78,0.71,0.77,0.74,0.74,0
University of Sussex,0.86,0.77,0.82,0.7,0.8,0.81,0.69,0.67,0.64,0.53,0.61,0.81,0.66,0.61,0.68,0.76,0.71,0.7,0.76,0.75,0.5,0.69,0.76,0.68,0.43,0.49,0.75,0.79,0.77,0.61,0.7,0.71,0.74,0.59,0.62,0
"University of the Arts, London",0.78,0.72,0.64,0.64,0.71,0.75,0.69,0.68,0.69,0.79,0.75,0.79,0.66,0.64,0.45,0.59,0.59,0.53,0.65,0.51,0.49,0.65,0.68,0.67,0.48,0.47,0.58,0.7,0.72,0.73,0.7,0.54,0.56,0.57,0.61,0
University of the Highlands and Islands,0.87,0.84,0.82,0.79,0.81,0.86,0.78,0.76,0.78,0.76,0.78,0.84,0.79,0.71,0.65,0.81,0.76,0.73,0.72,0.72,0.61,0.69,0.85,0.73,0.53,0.49,0.78,0.83,0.82,0.77,0.78,0.74,0.72,0.64,0.7,0
"University of the West of England, Bristol",0.86,0.8,0.81,0.76,0.81,0.82,0.8,0.72,0.7,0.69,0.7,0.79,0.72,0.7,0.63,0.73,0.7,0.72,0.81,0.74,0.61,0.77,0.8,0.74,0.54,0.47,0.77,0.81,0.81,0.7,0.74,0.69,0.76,0.69,0.7,0
University of the West of Scotland,0.81,0.75,0.77,0.77,0.79,0.82,0.78,0.69,0.65,0.66,0.68,0.74,0.66,0.62,0.5,0.76,0.61,0.65,0.67,0.69,0.53,0.79,0.79,0.62,0.43,0.48,0.74,0.77,0.8,0.67,0.67,0.62,0.67,0.66,0.61,0
University of Ulster,0.85,0.77,0.8,0.81,0.8,0.82,0.82,0.75,0.72,0.66,0.7,0.83,0.77,0.73,0.73,0.85,0.78,0.76,0.77,0.77,0.61,0.8,0.8,0.73,0.56,0.58,0.81,0.81,0.81,0.71,0.78,0.78,0.77,0.7,0.69,0
University of Wales Trinity Saint David,0.84,0.81,0.81,0.82,0.84,0.86,0.8,0.78,0.75,0.75,0.77,0.79,0.78,0.75,0.63,0.79,0.72,0.65,0.63,0.63,0.69,0.79,0.8,0.76,0.6,0.57,0.75,0.82,0.83,0.76,0.77,0.71,0.64,0.74,0.72,0
University of Winchester,0.82,0.78,0.77,0.71,0.79,0.79,0.75,0.66,0.63,0.64,0.71,0.77,0.66,0.64,0.55,0.75,0.61,0.65,0.66,0.64,0.56,0.72,0.8,0.64,0.46,0.66,0.7,0.77,0.78,0.66,0.69,0.64,0.65,0.64,0.63,0
University of Wolverhampton,0.82,0.75,0.8,0.78,0.78,0.81,0.8,0.73,0.67,0.68,0.72,0.73,0.7,0.68,0.59,0.69,0.64,0.69,0.74,0.7,0.61,0.76,0.79,0.68,0.54,0.51,0.71,0.79,0.8,0.7,0.71,0.64,0.71,0.68,0.67,0
University of Worcester,0.87,0.82,0.82,0.79,0.82,0.84,0.84,0.75,0.71,0.75,0.75,0.77,0.76,0.75,0.66,0.77,0.72,0.75,0.82,0.79,0.66,0.8,0.85,0.75,0.6,0.65,0.77,0.82,0.83,0.74,0.76,0.72,0.78,0.73,0.73,0
Warwickshire College,0.89,0.85,0.84,0.73,0.78,0.79,0.8,0.72,0.71,0.63,0.73,0.73,0.7,0.74,0.57,0.76,0.64,0.59,0.56,0.62,0.6,0.76,0.72,0.66,0.39,0.38,0.75,0.83,0.79,0.7,0.72,0.66,0.59,0.68,0.59,0
West Herts College,0.91,0.88,0.81,0.81,0.91,0.97,0.88,0.69,0.84,0.78,0.84,0.91,0.81,0.75,0.66,0.72,0.78,0.73,0.67,0.75,0.75,0.74,0.72,0.88,0.65,0.57,0.81,0.85,0.92,0.79,0.82,0.72,0.72,0.75,0.75,0
Weston College of Further and Higher Education,0.91,0.92,0.84,0.85,0.82,0.87,0.9,0.82,0.9,0.78,0.89,0.83,0.87,0.86,0.74,0.92,0.86,0.79,0.65,0.81,0.77,0.83,0.85,0.85,0.73,0.63,0.85,0.88,0.86,0.84,0.85,0.84,0.75,0.8,0.81,0
Weymouth College,0.95,0.82,0.73,0.82,0.82,0.86,0.68,0.73,0.82,0.68,0.91,0.91,0.86,0.73,0.73,0.95,0.77,0.64,0.57,0.82,0.73,0.77,0.64,0.82,0.59,0.44,0.77,0.83,0.79,0.78,0.83,0.82,0.68,0.75,0.68,0
Wigan and Leigh College,0.93,0.84,0.75,0.82,0.84,0.89,0.82,0.79,0.84,0.76,0.82,0.91,0.86,0.84,0.7,0.87,0.76,0.79,0.74,0.81,0.74,0.8,0.86,0.83,0.75,0.63,0.83,0.83,0.85,0.8,0.87,0.78,0.78,0.77,0.81,0
Wiltshire College and University Centre,0.91,0.91,0.91,0.91,0.77,0.95,0.86,0.91,0.86,0.91,0.91,0.91,0.95,0.91,0.77,0.86,0.95,0.86,0.68,0.86,0.68,0.73,0.91,0.91,0.82,0.74,0.95,0.91,0.86,0.9,0.92,0.86,0.8,0.7,0.88,0
Wirral Metropolitan College,0.76,0.67,0.71,0.76,0.76,0.76,0.71,0.78,0.76,0.74,0.86,0.71,0.64,0.56,0.52,0.76,0.67,0.63,0.68,0.66,0.6,0.57,0.71,0.69,0.55,0.47,0.59,0.73,0.75,0.79,0.64,0.65,0.64,0.58,0.65,0
Wrexham Glynd?r University,0.9,0.87,0.85,0.85,0.85,0.85,0.81,0.83,0.81,0.81,0.83,0.82,0.79,0.73,0.69,0.83,0.79,0.72,0.77,0.71,0.71,0.76,0.87,0.78,0.66,0.61,0.77,0.87,0.84,0.82,0.78,0.77,0.73,0.73,0.77,0
Writtle University College,0.95,0.88,0.85,0.78,0.88,0.92,0.82,0.73,0.66,0.8,0.74,0.83,0.77,0.83,0.65,0.78,0.69,0.75,0.8,0.77,0.74,0.86,0.88,0.8,0.73,0.67,0.8,0.86,0.87,0.73,0.81,0.71,0.77,0.8,0.8,0
Yeovil College,0.95,0.84,0.84,0.7,0.86,0.89,0.81,0.86,0.84,0.62,0.78,0.86,0.89,0.91,0.65,0.86,0.78,0.68,0.78,0.72,0.7,0.81,0.92,0.95,0.78,0.65,0.84,0.83,0.84,0.78,0.89,0.77,0.73,0.74,0.88,0
York College,0.93,1,0.96,0.96,0.96,0.93,0.89,0.78,0.78,0.85,0.89,0.93,0.96,0.96,0.78,0.89,0.93,0.8,0.85,0.69,0.93,0.78,0.93,0.85,0.78,0.78,0.85,0.96,0.93,0.82,0.95,0.86,0.79,0.85,0.85,0
York St John University,0.85,0.79,0.8,0.78,0.82,0.82,0.77,0.73,0.72,0.74,0.75,0.8,0.75,0.72,0.64,0.75,0.7,0.71,0.76,0.72,0.63,0.77,0.84,0.72,0.54,0.6,0.77,0.81,0.8,0.73,0.76,0.7,0.73,0.7,0.7,0
